artista,oyentes,reproducciones,bio_resumen,pais
Joaquín Sabina,231870,7438578,"Joaquín Ramón Martínez Sabina (Úbeda, Jaén, Spain, 12 February 1949), known artistically as Joaquín Sabina, is a singer - songwriter, and poet. He has released fourteen studio albums, two live albums, and three compilation albums. He has collaborated and composed songs for Ana Belén and Miguel Ríos amongst others.

Joaquín Sabina, is the second son of Adela Sabina del Campo and Jerónimo Martinez Gallego, which was a policeman. He attended <a href=""https://www.last.fm/music/+noredirect/Joaqu%C3%ADn+Sabina"">Read more on Last.fm</a>",
Los Incomparables De Tijuana,13277,88900,"A Norteño Group Formed in Tijuana México in 1984 and similar to Los Tucanes De Tijuana <a href=""https://www.last.fm/music/Los+Incomparables+De+Tijuana"">Read more on Last.fm</a>",
LUISITO MUÑOZ,4458,40482,biografia no encontrada,
Julieta Venegas,771261,19578941,"Julieta Venegas (born November 24, 1970) is a successful Mexican singer and songwriter of Latin music. She was born in Long Beach, California, but raised in Tijuana, Baja California and has a twin sister Yvonne who is a photographer. She was a former member of the band ""Tijuana No"". Julieta plays numerous instruments including acoustic guitar, accordion, and keyboard. She won the 2004 Latin Grammy for Best Vocal Rock Album (Sí).
Albums. She is radicated in Mexico City <a href=""https://www.last.fm/music/Julieta+Venegas"">Read more on Last.fm</a>",Mexico
Beto Quintanilla,31943,476522,"Norberto ""Beto"" Quintanilla Iracheta (May 23, 1948 – March 18, 2007) was a Regional Mexican singer and songwriter. He was known as ""El Mero León del Corrido"" (The Lion of the Corrido)

Biography:
Beto Quintanilla was originally from General Terán, a small town in Nuevo León. The date of his birth is unknown, but was some time around 1948. As a child, Quintanilla composed poems or odes to his mother, his teacher, his school, and his country. He <a href=""https://www.last.fm/music/Beto+Quintanilla"">Read more on Last.fm</a>",Mexico
Clave Cubana,693,3981,biografia no encontrada,
La Mosca,75882,464821,"Si bien la formación actual del grupo se consolida en marzo de 1995, la historia de la banda se remonta a comienzos de los noventa con ""La Reggae & Roll Band"", quienes hacían covers y algunos temas propios en la zona de Ramallo. Simultáneamente existían otras bandas entre las que se destacaba ""Damas gratis"" liderada por Guillermo Novellis.
Tras la disolución de ""Damas gratis"", Fernando Castro, que era el baterista y uno de los fundadores (de La Reggae)  <a href=""https://www.last.fm/music/+noredirect/La+Mosca"">Read more on Last.fm</a>",
Polo Montañez,50260,346448,"Polo Montañez (June 5, 1955 - November 26, 2002) was a Cuban singer and songwriter
Montañez was born Fernando Borrego Linares in Sierra del Rosario, Pinar del Río, in a farm known as El Brujito. At an early age he worked various jobs including driving a tractor, milking cows, making coal, assisting on the family farm, and as a lumberjack. In his spare time, Montañez would go from house to house singing and later began to sing in local parties and family gatherings. <a href=""https://www.last.fm/music/+noredirect/Polo+Monta%C3%B1ez"">Read more on Last.fm</a>",Cuba
Beny Moré,138009,818679,"Beny Moré (sometimes Benny Moré, Benny More or Beny More) (August 24, 1919 – February 19, 1963) is considered by many fans of Cuban music as the greatest Cuban singer of all time.
He was gifted with an innate musicality and fluid tenor voice which he colored and phrased with great expressivity. Moré was a master of all the genres of Cuban music, including son montuno, mambo, guaracha, guajira, cha cha cha, afro, canción, guaguancó, and bolero. <a href=""https://www.last.fm/music/+noredirect/Beny+Mor%C3%A9"">Read more on Last.fm</a>",Cuba
Tranzas,79371,600246,"Tranzas is an Ecuatorian music band. <a href=""https://www.last.fm/music/Tranzas"">Read more on Last.fm</a>",
Bacilos,358611,4301899,"Bacilos is a latin music group based in Miami, Florida, United States.

The band was formed in 1995 by three students of the University of Miami and was named after the Spanish word for bacillus. Originally a quartet, the band drew influences from Cuban folk singer Silvio Rodríguez and Argentinian rock singer Fito Páez. The band eventually became a trio consisting of Colombian singer and guitarist Jorge Villamizar, bassist André Lopes and percussionist José Javier Freire before releasing an independent album Madera in 1999. <a href=""https://www.last.fm/music/Bacilos"">Read more on Last.fm</a>",Argentina
Salsa Celtica,23762,193695,"Salsa Celtica - an 11 piece world music fusion band coming from Edinburgh, Scotland, formed in 1995. They have released four studio albums so far. <a href=""https://www.last.fm/music/Salsa+Celtica"">Read more on Last.fm</a>",
Los Tigres Del Norte,287874,6205860,"Mexican Norteño Grammy-winning legendary group, best known for (re)starting the ""corrido"" genre in the late 20th Century, as a milestone of its latest incarnation, known on one side as ""narcocorrido"" (ballads on smugglers) and on the other, the new brew of socially-committed lyrics that have succeeded in being truly popular.

Members:
· Jorge Hernández: director, lead vocals and accordion 
· Hernán Hernández: electric bass, vocals
· Eduardo Hernández: accordion, saxophone, 6-string bass, vocals <a href=""https://www.last.fm/music/Los+Tigres+Del+Norte"">Read more on Last.fm</a>",Mexico
Cubismo,13048,83541,"Cubismo is a group that plays energetic dance music based on afro-Cuban rhythms but in its own unique and recognizable style. Besides salsa and Latin-jazz Cubismo has also been influenced by the elements of jazz, hip-hop, funk and rock music. The band members come from Croatia , Slovenia , Cuba and Ecuador . Cubismo is the leading group for such type of music in Croatia and this part of Europe .
The band has so far released 6 CDs, the majority of which has been internationally distributed. <a href=""https://www.last.fm/music/Cubismo"">Read more on Last.fm</a>",
Rios De Gloria,1792,13944,"Rios De Gloria is a Spanish Pop Dance band consisting of Gloria Gómez and Javier Rios, who was later replaced by Michel Lara.
This project released the albums ""Rios De Gloria"", ""Dos"" and ""Desafiame"". <a href=""https://www.last.fm/music/Rios+De+Gloria"">Read more on Last.fm</a>",Spain
Jimmy Bosch,41465,172809,"Jimmy Bosch, who was born to parents from Arecibo, Puerto Rico, was raised in Hoboken, NJ, lived in the Bronx, NY for twenty years, played in Salsa bands from the age of 13, and continuously re-invents the music of a culture with roots in many parts of the world. Tropical Music with a New York edge is unlike any musical experience anywhere. Once exposed to the Jimmy Bosch experience, there is no turning back to anything less. This is commonly the <a href=""https://www.last.fm/music/Jimmy+Bosch"">Read more on Last.fm</a>",
Mo' Horizons,474062,4698698,"Mo' Horizons are the producers, musicians and DJ's Ralf Droesemeyer and Mark 'Foh' Wetzler. Their first album, Come Touch the Sun, which features Mo's first two 12""s 'Yes Baby Yes (Sally Said) and Foto Viva, melts together influences ranging from the soulful fifties, sixties & funky seventies straight to the nineties. Integrating modern production techniques and a handful of talented live-musicians and vocalists they create a sound that varies in mood and style but is still homogenous and therefore can easily be identified as Mo' Horizons. <a href=""https://www.last.fm/music/Mo%27+Horizons"">Read more on Last.fm</a>",
Obie Bermudez,64665,396162,"Obie Bermúdez es un cantante y compositor puertorriqueño. Nació el 10 de enero de 1980, en la zona cálida y montañosa de Aibonito, (Puerto Rico). De abuelo músico y de padre fundador de una banda de rock, desde los 12 años de edad su familia se traslada a New York (EE.UU.), lugar donde nació el padre de Obie.

Fue allí donde empezó su carrera artística. Primeramente cuenta que, para ganarse el pan de cada día, trabajaba en una lavandería <a href=""https://www.last.fm/music/+noredirect/Obie+Bermudez"">Read more on Last.fm</a>",
Los Tucanes de Tijuana,310580,4028010,"Los Tucanes de Tijuana is a Mexican band founded on 13 April 1987 by Mario Quintero Lara and a group of talented friends in Tijuana, Baja California, Mexico. From humble beginnings, starting their musical career by playing at nightclubs they rose to become the most successful and sought after Norteño band in Mexico, Latin America and the United States. They are by far the global ambassadors of Norteña music and Corrido ballads.


Los Tucanes esta formado de cinco mexicanos originarios de Sinaloa México. <a href=""https://www.last.fm/music/Los+Tucanes+de+Tijuana"">Read more on Last.fm</a>",Mexico
La Retrocumbia,129,1738,biografia no encontrada,
Skeewiff,123369,1303906,"UK based DJ, musicians and production duo Alex Rizzo and Elliot ireland whose cheeky humour and dancefloor production skills create a unique sound.

Essentially an electronic breakbeat act, they include elements of jazz and particularly lounge music into their style. They also draw on other styles such as big band and Indian. The result is a contemporary, often instrumental music that is much used by Games, Film and TV producers (FIFA, Adidas etc) and consequently many Skeewiff tracks will be subliminally familiar to a wide audience... <a href=""https://www.last.fm/music/Skeewiff"">Read more on Last.fm</a>",
Enrique Iglesias,2595578,51695841,"Enrique Miguel Iglesias Preysler (born 8 May 1975) is a Spanish singer and songwriter. He started his recording career in the mid-1990s on the Mexican label Fonovisa and became the bestselling Spanish-language act of the decade. By the turn of the millennium, he made a successful crossover into the mainstream English-language market. He signed a multi-album deal with Universal Music Group for US$68 million with Universal Music Latino to release his Spanish albums and Interscope Records to release English albums. <a href=""https://www.last.fm/music/Enrique+Iglesias"">Read more on Last.fm</a>",Mexico
Carlos Ponce,27605,148631,"Carlos Ponce (born September 4, 1972) is a Puerto Rican actor, singer, composer and television personality. Ponce began his acting career by participating in Spanish language soap operas for Televisa and Telemundo. Ponce continued to expand his acting career by participating in various American television series. He did not limit himself solely to a career in television. Ponce, who is also a singer, is also active in the American movie industry as a character actor. <a href=""https://www.last.fm/music/Carlos+Ponce"">Read more on Last.fm</a>",United States
Melody,290331,4127780,"1) Melodía Ruiz Gutiérrez (born 12 October 1990), best known by her stage name Melody, is a Spanish singer. Melody became famous at the age of 10 with her song ""El baile del gorila"", one of the biggest summer hits of 2001 in Spain. She has released six albums and numerous singles. She represented Spain at the Eurovision Song Contest 2025 with the song ""Esa diva"".

2) Gabriella Abreu Severino (born February 4, 2007), known professionally by her stage name Melody, is a Brazilian singer, songwriter, and musician. <a href=""https://www.last.fm/music/Melody"">Read more on Last.fm</a>",Brazil
El Cuarteto De Nos,255475,17701574,"El Cuarteto de Nos is an Uruguayan alternative rock band formed in 1984 in Montevideo. The band was originally comprised of the Musso brothers (Roberto and Riki Musso) and Santiago Tavella, who they had met in high school. In 1984 they released their debut album, a split LP with uruguayan candombe musician Alberto Wolf under the Ayuí / Tacuabé label. Leonardo Baroncini was hired to be a guest drummer on the record.

In March 1987 they released Soy una arveja <a href=""https://www.last.fm/music/El+Cuarteto+De+Nos"">Read more on Last.fm</a>",
Ana Torroja,129214,1289579,"Ana Torroja is a Spanish vocalist, and was the lead singer of the million-selling trio Mecano. Daughter of a noted engineer, she was born in Madrid on December 28, 1959, and met José María Cano while studying economics at university. The two became good friends, and José María soon introduced Ana to his younger brother Nacho. Upon hearing Ana singing along to his brother's compositions on the guitar, Nacho suggested that the three should form a band, and in 1981 Mecano was born. <a href=""https://www.last.fm/music/Ana+Torroja"">Read more on Last.fm</a>",Spain
Willie Bobo,223148,1216022,"Willie Bobo was the stage name of William Correa (February 28, 1934 – September 15, 1983),[1] a Latin and jazz percussionist of Puerto Rican ancestry.
His youngest son, Eric Bobo (Eric Correa), is a percussionist with crew Cypress Hill. He also performed on the Beastie Boys' 1994 album Ill Communication, as well as doing the 1994 Lollapalooza tour with the group

His grandson William Valen Correa, son of Bobo's first son William Gill Correa, is Co-Founder of the music-based non-profit organization HNDP Los Angeles. <a href=""https://www.last.fm/music/Willie+Bobo"">Read more on Last.fm</a>",
Malú,78751,1322893,"There are at least 4 singers named Malú or Malu.

1.  María 'Malú' Lucía Sánchez (born 15 March, 1982) is a singer from Madrid, Spain. Malú was discovered at the age of 15 when she was singing at a family party. She began the recording of her first album Aprendiz in January 1998. Malú is the niece of the flamenco singer-songwriter Paco de Lucía.

2. Malu is a pop singer from Amsterdam, The Netherlands. There is no accent on the letter 'u', but scrobbles of her songs end up here due to Last. <a href=""https://www.last.fm/music/+noredirect/Mal%C3%BA"">Read more on Last.fm</a>",
Luis Alberto Posada,8402,109185,biografia no encontrada,
José José,314289,14267933,"José José (José Rómulo Sosa Ortiz, Mexico City, Mexico, February 17, 1948 — September 28, 2019)  was a Mexican singer, musician and occasional actor. 

Born into a family of musicians and raised in Mexico City, José began his musical career in his early teens playing guitar and singing in serenades. He later joined a jazz and bossa nova trio where he sang and played bass and double bass. José found success as a solo artist in the early 1970s. <a href=""https://www.last.fm/music/+noredirect/Jos%C3%A9+Jos%C3%A9"">Read more on Last.fm</a>",Mexico
Jon Secada,253532,1783117,"Juan Francisco Secada (born October 4, 1962 in Havana, Cuba)  better known as Jon Secada is an Afro-Cuban singer and songwriter. Secada was born in Havana, Cuba, and raised in Hialeah, Florida. He has won two Grammy Awards and sold 20 million albums since his English-language debut album in 1992, made famous for his song Just Another Day. His music fuses funk, soul, pop and Latin percussion. Secada also has appeared as a songwriter for Gloria Estefan, Jennifer Lopez, Ricky Martin, Mandy Moore and other performers. <a href=""https://www.last.fm/music/Jon+Secada"">Read more on Last.fm</a>",
Los Legendarios,104629,844861,biografia no encontrada,
paco pineda y su grupo tex mex,122,1306,biografia no encontrada,
Lemon,137243,2473743,"There are various groups with the name Lemon.

1) Who are they? Polish band. Lemon is a brainchild of Igor Herbut. He founded the band right after he’d gotten to know that he had been accepted as the contestant of Must Be the Music talent show. He partook in the auditions with his cousin Adam after the night they spent at a wedding party as vocal performers. That’s what Igor has to say about this unusual experience: When we got to know we could <a href=""https://www.last.fm/music/Lemon"">Read more on Last.fm</a>",
Yuri Buenaventura,58273,311023,"Yuri Buenaventura - Colombian salsa singer.

One of Colombia's most talented salsa singers that emerge from the salsa circles of Cali. Yuri currently resides in France. 

 With “Vagabundo”, Colombian singer Yuri Buenaventura reveals himself as the “brightest new star from South America”. From the irresistibly swingy ‘Guajiro del Monte’, with its expansive and golden big-band dance sound to the pared-back and poignant ‘Donde Estas?’ – it’s always clear that we’re in completely assured hands. <a href=""https://www.last.fm/music/Yuri+Buenaventura"">Read more on Last.fm</a>",Colombia
Jarabe de Palo,563796,9382639,"Jarabe de Palo (literally ""Wooden Stick Syrup"" or, after the Spanish expression ""dar un jarabe de palo"", i.e. a ""hell of a beating""), was a Spanish rock band founded in 1996. The group was led by singer, songwriter, and guitarist Pau Donés, whose death in 2020 caused the band to break up.

Pau Donés, born and raised in Barcelona, worked for various groups before being able to take on his current project, Jarabe de Palo. He began at age 15 with his brother Marc, with whom he formed a group known as J. <a href=""https://www.last.fm/music/Jarabe+de+Palo"">Read more on Last.fm</a>",Spain
Gloria Estefan,752353,7645626,"Gloria Estefan (born Gloria María Fajardo, September 1, 1957, in Havana, Cuba) is a seven-time Grammy Award-winning singer-songwriter, actress and social activist. Known as the ""Queen of Latin Pop"", she in the top 100 best-selling music artists with over 100 million albums sold worldwide, 31.5 million of those in the United States. Estefan is the most successful crossover performer in Latin music to date.

Beginning her career in 1975 as lead vocalist for the then exclusively Spanish-language band <a href=""https://www.last.fm/music/Gloria+Estefan"">Read more on Last.fm</a>",
Armando Manzanero,87269,680792,"Armando Manzanero (born in Mérida, México on December 7, 1935- died in Ciudad de Mexico on December 28, 2020) was  a Latin American musician and composer, widely considered the premiere Mexican romantic composer of the postwar era.

At the age of eight he was introduced into the world of music in the Escuela de Bellas Artes (School of High Arts) of his native city, later furthering his musical studies in Mexico City. In 1950, at the age of fifteen <a href=""https://www.last.fm/music/Armando+Manzanero"">Read more on Last.fm</a>",Mexico
Bertin Osborne,8502,55729,"Norberto Ortiz Osborne, a.k.a Bertín Osborne, es un cantante y presentador español. Nació en Madrid el 7 de diciembre de 1953 y estudió en los jesuitas de Chamartín, aunque pasó gran parte de su infancia en Jerez de la Frontera (Cádiz) donde se encuentran las bodegas, negocio tradicional de su familia.

Si bien su primera actuación musical se remonta a 1971, en el Festival de la Canción de El Escorial, hubo de esperar a 1980, para firmar su primer contrato para grabar un disco <a href=""https://www.last.fm/music/Bertin+Osborne"">Read more on Last.fm</a>",
Qarto Aparte,1310,7542,biografia no encontrada,
Aleks Syntek,290370,3347223,"Mexican Aleks Syntek was born in September 29 of 1969. 

This talented musician has been involved in many different projects from advertisements to TV shows and movies. 

By the late '80s, Syntek, along with two friends, decided to form an alternative band. Their first record, called Hey Tú, was released by EMI in 1990, followed by Más Fuerte De Lo Que Pensaba in 1993. The latter included a contribution from former The Doors Ray Manzarek who played in a song called ""Nuestras Costumbres.""  <a href=""https://www.last.fm/music/Aleks+Syntek"">Read more on Last.fm</a>",Mexico
Luis Miguel,807461,34694707,"Luis Miguel Gallego Basteri (born 19 April 1970) is a Mexican singer and icon in Latin America, often referred to as El Sol de México (The Sun of Mexico), which is the nickname his mother gave him as a child- ""mi sol"". He is widely regarded as the most successful artist in Latin American history, having successfully performed in a wide range of musical styles, including pop, ballads, boleros, tangos, jazz, big band and mariachi. Luis Miguel is also <a href=""https://www.last.fm/music/Luis+Miguel"">Read more on Last.fm</a>",Mexico
Raulin Rodriguez,96302,859015,"Born in San Fernando de Monte Cristi, Monte Cristi in the Dominican Republic on June 16, 1970,related to the Zapata family of Monte cristi is one of the first major bachata artists to have national success and popularize this style of music in his country. Born in the northwest coast of the island, he toured with Antony Santos as a guitar player at age fifteen, and then went on to own band. <a href=""https://www.last.fm/music/Raulin+Rodriguez"">Read more on Last.fm</a>",
OBK,44780,652645,"English:
OBK is a techno-pop group from Barcelona (Spain). 
It was founded by Miguel Arjona and Jordi Sánchez in the late 1980s. OBK are big fans of Depeche Mode and the name of the group OBK is short for ""Oberkorn (It's a Small Town)"", the name of the B-side from ""The Meaning of Love"".

Discography

    * 2008: Ultimatum
    * 2005: Feeling
    * 2004: Sonorama
    * 2003: Babylon
    * 2001: Extrapop
    * 2000: Antropop
    * 1998: Singles '91-'98 <a href=""https://www.last.fm/music/OBK"">Read more on Last.fm</a>",
Ricardo Montaner,227258,2562488,"Ricardo Montaner (born as Hector Eduardo Reglero Montaner on September 8, 1957) is an Argentine-Venezuelan singer and songwriter. Starting his career in the early 80s, he has already released more than 15 albums with numerous successful singles and over 7 million record worldwide.

Montaner was born as Héctor Eduardo Reglero Montaner, in Valentín Alsina, Buenos Aires, Argentina. However, he moved to Venezuela when he was 6 years old. During his youth he performed in the church chorus in the city of Maracaibo. <a href=""https://www.last.fm/music/Ricardo+Montaner"">Read more on Last.fm</a>",
Laura Miller,1084,8784,biografia no encontrada,
Ha*Ash,150864,3581345,"Ha*Ash is a Mexican-American pop/rock duo of the sisters Hanna Nicole Pérez Mosa and Ashley Grace Pérez Mosa. Combining a mix of latin pop, country and singer/songwriter, the Mexican-based duo has had great success specially in their two homes Mexico and the US. Their hits include ""Estes Donde Estes"",""Odio Amarte"",""Te quedaste"",and ""Amor a Medias."" <a href=""https://www.last.fm/music/Ha%2AAsh"">Read more on Last.fm</a>",
Donato Y Estefano,19275,88955," <a href=""https://www.last.fm/music/Donato+Y+Estefano"">Read more on Last.fm</a>",
La Oreja de Van Gogh,630401,18675307,"La Oreja de Van Gogh (English: Van Gogh's Ear) is a Spanish band. The name of the band references the Dutch painter Vincent Van Gogh who allegedly cut off his own ear. It was formed in Spain in 1996, when guitarist Pablo Benegas, bassist Álvaro Fuentes, keyboardist Xabi San Martín and drummer Haritz Garde met at university.

San Martin was the vocalist until Amaia Montero joined the band by request from Benegas, just after he met her at a dinner party. <a href=""https://www.last.fm/music/La+Oreja+de+Van+Gogh"">Read more on Last.fm</a>",Netherlands
Orquesta Tabaco y Ron,6564,34452,"In 1998 Executive Producer Nissim J. Baly was looking to expand his Latin Music Entertainment, Inc. roster of proprietary record labels. A long time Salsa music aficionado, Baly approached musician and composer friend Hector Manuel Rivera with the idea of producing a record for the recently launched imprint of Dimelo! Records. After much collaboration, a new sound representative of their hometown of Los Angeles was crafted; Orquesta Tabaco y Ron was born. <a href=""https://www.last.fm/music/Orquesta+Tabaco+y+Ron"">Read more on Last.fm</a>",
Bacanos,6373,48244,biografia no encontrada,
Damas Gratis,85203,1404468,"Damas Gratis es un grupo musical de cumbia villera. Desde su salida, obtienen un éxito con su primer CD, al que titularon ""Para los pibes"", llevándolos a los mejores rankins de la cumbia en Argentina, Paraguay y Chile y popularizando el estilo de ""cumbia villera"" con el tema ""Se te ve la tanga"". Recientemente ya llegaron a presentarse en Mexico especialmente en Monterrey donde realizaron bailes masivos logrando en el auditorio coca cola un lleno impresionante de alrrededor de 20 <a href=""https://www.last.fm/music/Damas+Gratis"">Read more on Last.fm</a>",
La Gran Banda,1867,10306,biografia no encontrada,
Marcela Morelo,31137,268482,"Marcela Morello (whose stage name is Marcela Morelo, also known as ""La Morelo"") was born on Lanús, Buenos Aires on 13 December 1964. She currently has recorded eight studio albums, a live album and a Greatest Hits compilation (""Los 20 de Morelo""), her first music albums promove latin music, mixed with pop, rock, ballads and folklore, through the use of andin instruments, such as charango, quena and sikus (also known as ""Flauta de Pan"" or ""zampoña""), among others. <a href=""https://www.last.fm/music/Marcela+Morelo"">Read more on Last.fm</a>",
Paulina Rubio,454351,15086834,"Paulina Susana Rubio Dosamantes (born 17 June 1971 in Mexico City), known as Paulina Rubio is a Mexican singer-songwriter. Referred to as  ""The Golden Girl"".

She first achieved recognition as a member of the successful pop group Timbiriche from 1982 through 1991. Rubio's first two solo albums, La Chica Dorada and 24 Kilates, were commercial successes and made her then EMI Latin's best-selling Mexican female artist. In the mid-1990s, she adopted a more mature and electronic style for her next two albums, El Tiempo Es Oro and Planeta Paulina.  <a href=""https://www.last.fm/music/Paulina+Rubio"">Read more on Last.fm</a>",Mexico
Glup!,84386,2069816,"Glup! is a Chilean pop/rock band founded in Santiago, Chile in 1996 by Koko and Marcel Molina, with Rodrigo and Vid Stambuk joining soon after the band was brought to them. In 1997, Gustavo Chavín Labrín also joined. Although the band recorded their first demo in 1996, it wouldn't be until 1999 that they recorded in a studio. They quickly became known, especially after their performance at the International Festival of Viña del Mar. In 2000, while the band was recording their second album, guitarist Tom Picetti joined the band. <a href=""https://www.last.fm/music/Glup%21"">Read more on Last.fm</a>",Chile
Shakira,4648348,168777209,"Shakira Isabel Mebarak Ripoll is a Colombian singer. Born and raised in Barranquilla, She made her recording debut with Sony Music Colombia at the age of 13. Following the commercial failure of her first two albums, Magia (1991) and Peligro (1993), she rose to prominence in Hispanic countries with her next albums, Pies Descalzos (1995) and Dónde Están los Ladrones? (1998). She entered the English-language market with her fifth album, Laundry Service (2001), which sold over 13 million copies worldwide. <a href=""https://www.last.fm/music/Shakira"">Read more on Last.fm</a>",Colombia
Mauricio & PalodeAgua,10840,79208,"Mauricio & Palodeagua is a Colombian band, influenced by Carlos Vives and Fonseca rythms. It's a very well known group in Colombia and some latinamerican countries. <a href=""https://www.last.fm/music/Mauricio+&+PalodeAgua"">Read more on Last.fm</a>",Colombia
Rodrigo,117652,1287426,"Rodrigo Alejandro Bueno (born 24/5/1973 in Córdoba, Argentina; died 24/6/2000 in Buenos Aires, Argentina), also known by his stage name Rodrigo or nickname ""El Potro"", was a very popular cuarteto singer from Argentina. He is considered one of the most important singers of cuarteto music, as he brought this genre from his birth place in Córdoba to big popularity throughout Argentina.

If you're listening to, or looking for, classical music by the Spanish composer, please then consider going to artist Joaquín Rodrigo. <a href=""https://www.last.fm/music/Rodrigo"">Read more on Last.fm</a>",Spain
Mai Meneses,604,4514,biografia no encontrada,
Ricky Martin,1558973,17864911,"Ricky Martin (born in San Juan, Puerto Rico on December 24, 1971 as Enrique Martin Morales), is a successful Puerto Rican pop singer who rose to fame, first as a member of the Latin boy band Menudo, then as a solo artist since 1990. He has sold over 95 million albums since the start of his career. He is widely regarded as the King of Latin Pop, and is considered to have opened the doors for some of his fellow Latin American singers like Jennifer Lopez and Shakira. <a href=""https://www.last.fm/music/Ricky+Martin"">Read more on Last.fm</a>",United States
Belinda,472080,10763247,"Belinda Peregrín Schüll, known by artistic name Belinda (born August 15, 1989 in Madrid, Spain), is a Latin Grammy Award nominated Spanish-Mexican singer, songwriter, dancer and actress, who debuted in 2003 with the self-titled album, Belinda, under Sony BMG and RCA Records. Her international self-titled album Belinda as released in Mexico City, Mexico by BMG and RCA Records on August 5, 2003 and became a great a success in many different countries including Mexico, selling 2.5 million copies worldwide.  <a href=""https://www.last.fm/music/Belinda"">Read more on Last.fm</a>",
María Bestar,5712,18933,"María Bestar, spanish singer-songwriter. She was a hit in the 2000 with the song pensando en ti.
Actually, she has 2 works: ""María Bestar"" (2000) and ""Sonámbula"" (2004). <a href=""https://www.last.fm/music/+noredirect/Mar%C3%ADa+Bestar"">Read more on Last.fm</a>",Spain
Alexandre Pires,189879,2113282,"In 2003, to the being received in the White House for the president of the United States, George W. Bush, Alexandre Pires click for photos with the powerful politician, for which he played guitar and sang Girl of Ipanema in Portuguese and English. The historical meeting with Bush confirmed the meteoric world-wide success made by this brazilian from Uberlândia, Minas Gerais, that had launched its first record in 1993, only ten years ago.    Been born in 8 of January of 1976 <a href=""https://www.last.fm/music/Alexandre+Pires"">Read more on Last.fm</a>",Brazil
Jean Carlos,7781,53730,biografia no encontrada,
Draco Rosa,30323,468345,"Born Robert Edward Rosa Suarez on June 27, 1969, Long Island, New York. As ""Robby Rosa"" he was a member of Menudo from Valentine's Day, 1984 to 1987. He replaced Johnny Lozada in Menudo and soon became another fan favorite. He sang such hits like Tu Sabes A Chocolate, Hold Me and Like A Cannonball, which was featured in Hollywood hit Cannonball Run 2. He was replaced in Menudo by Ruben Gomez after the band's manager denied Rosa the opportunity to contribute songs to the group. <a href=""https://www.last.fm/music/+noredirect/Draco+Rosa"">Read more on Last.fm</a>",
Los Playeros,1238,12776,biografia no encontrada,
Debelah Morgan,37915,216404,"Debelah Morgan (born September 29, 1977, Detroit, Michigan) is an American R&B singer and songwriter. Her stage name was simply Debelah at the beginning of her music career, but changed to her full name after her first music label dropped her. Morgan has enjoyed sporadic success, peaking with her song ""Dance With Me.""

Debelah was born to an African-American father and an Indian mother, and is conversational in Hindi. She also has learned to sing in several languages, including French, Italian, German, Hindi, and Portuguese. <a href=""https://www.last.fm/music/Debelah+Morgan"">Read more on Last.fm</a>",India
Banda XXI,25833,296397,biografia no encontrada,
Amparanoia,174546,1560934,"Amparanoia is the musical project of the Spaniard Amparo Sanchez. Her major early inspiration was Billie Holiday; Manu Chao, her friend and driving force, said upon hearing her:  ‘As a child you swallowed a microphone, and because of this you have that voice streaming out!’.

She was born in Granada in 1970. At 16 years of age Amparo had her first band, Correcaminos. From then, she had been occasionally  involved with other Blues, Jazz, Rock'n'roll and Soul music groups as a singer. <a href=""https://www.last.fm/music/Amparanoia"">Read more on Last.fm</a>",Spain
Andy Aguilera,2122,13894,biografia no encontrada,
Jimmy Sabater,18077,94043,"Jimmy Sabater (April 11, 1946 - February 8, 2012) was born in Harlem Hospital, New York City. The proud son of Nestor Sabater and Teresa Gonzalez of Ponce, Puerto Rico, Jimmy grew up in East Harlem, the Spanish Quarter of New York City known as “El Barrio”. Like most teenagers in the neighborhood, he played stickball, flew kites, and harmonized the tunes of the popular R&B groups and vocalists of the day such as Nat King Cole.
   He was inspired by percussionists such as Willie Bobo <a href=""https://www.last.fm/music/Jimmy+Sabater"">Read more on Last.fm</a>",Spain
Wakal,9846,81366,"Wakal 
(Jorge Govea)
Musician, producer, born in Mexico City. At 15, I began my musical career on the Rock scene. Beyond my interest for acoustic and analog instruments, I started in 1998 to experiment field recording and founded in Mexico Cityestudios idEA( improvisados dE Azotea) to study the sound of the streets.
In 2000 I was one of the creators of Indie Electronic Music Collective Chilandgo. Its purpose was to reveal the true colors and urban symbols of Mexico City. <a href=""https://www.last.fm/music/Wakal"">Read more on Last.fm</a>",
Andrés Cepeda,93851,2409683,"
Andrés Cepeda es uno de los artistas colombianos de mayor reconocimiento a nivel nacional e internacional, sus bellas composiciones lo han consagrado como uno de los cantautores mas versátiles de Latinoamérica.

Andrés Cepeda nació en Bogotá el 7 de julio de 1973; es el menor de una familia de cinco hermanos.
Su talento lo obtuvo desde niño con tan solo 5 años decide comenzar sus estudios musicales tocando el piano, luego en su adolescencia <a href=""https://www.last.fm/music/+noredirect/Andr%C3%A9s+Cepeda"">Read more on Last.fm</a>",
Fey,167778,3442017,"Fey  (born María Fernanda Blázquez Gil on July 21, 1973) is a Mexican singer, songwriter, and actress who rose to fame in the mid-1990s. Recognized for her catchy electro-pop sound and energetic dance flair, Fey has become an influential figure in Latin pop music. Throughout her career, she has released numerous hit singles and albums, cementing her status as one of Mexico's most prominent pop artists.

Early Life and Career
Born in Mexico City, Fey began her music career at a young age. <a href=""https://www.last.fm/music/Fey"">Read more on Last.fm</a>",Mexico
Los Fachero´s,54,166,biografia no encontrada,
Jennifer Lopez,3624206,69497233,"Jennifer Lynn Lopez (born July 24, 1969 in New York, NY), popularly nicknamed J.Lo, is a Puerto Rican American pop and R&B singer, dancer, actress, model, fashion and perfume designer and film and television producer.

Starting in 1999, Lopez has released seven albums, including two #1 albums on the Billboard 200 charts and four Billboard Hot 100 #1 singles. She won the 2003 American Music Award for Favorite Pop/Rock Female Artist and the 2007 American Music Award for Favorite Latin Artist. <a href=""https://www.last.fm/music/Jennifer+Lopez"">Read more on Last.fm</a>",United States
Eydie Gormé,209357,2843632,"Eydie Gormé (also spelled as Eydie Gorme; born August 16, 1928) is an American singer, specializing, with her husband, Steve Lawrence, in traditional pop music, in the form of ballads and breezy swing. She has earned numerous awards, including the Grammy and the Emmy. She retired as of 2009; husband and musical partner Steve Lawrence continues to perform as a solo act.

Gormé was born as Edith Garmezano in Bronx, New York in 1928, the daughter of Fortuna and Nessim Garmezano. <a href=""https://www.last.fm/music/+noredirect/Eydie+Gorm%C3%A9"">Read more on Last.fm</a>",United States
Juan Formell Y Los Van Van,22789,160698,"Los Van Van is a Cuban band led by bassist Juan Formell, and is considered to be one of Cuba's major timba acts, while Juan Formell has arguably become the most important figure in contemporary Cuban music. <a href=""https://www.last.fm/music/Juan+Formell+Y+Los+Van+Van"">Read more on Last.fm</a>",Cuba
Noelia,82216,459459,"There are several artists who perform under the name Noelia.

 1.) Noelia Lorenzo, this International Latin Music Super Star was raised  in Miami, Florida, mostly known as Noelia, is a Puerto Rican pop singer who rose to fame in 1999. During her career she has had 10 Latin Billboard Top 40 hits, and has eighteen worldwide gold and nine worldwide multi-platinum -certified albums, along with one RIAA-certified Goldrecord in the United States. She has sold more than 4.5 million Albums worldwide.  <a href=""https://www.last.fm/music/Noelia"">Read more on Last.fm</a>",
Papá Levante,3435,32223,biografia no encontrada,
La Mona Jimenez,15195,222760,biografia no encontrada,
Los Palmeras,72724,988809,"Los Palmeras are from Santa Fe. Argentina.
They got together in 1972. The first name of the group was ""Grupo Palmeras"", but the people called them ""Los Palmeras"", so they changed the name to the one they use today.

They record their first record in 1967 called ""Los Palmeras"".
In 1968 they recorded ""TE REGALARE MI VIDA"".
They then changed the vocalist of the group, and have continued releasing material for over 30 years.

Some of their hits are ""El Parrandero"", ""La Chola"" and ""La chica de rojo"", and more recently""Bombon Asesino"".
 <a href=""https://www.last.fm/music/Los+Palmeras"">Read more on Last.fm</a>",
Lu,194312,1791644,"There are multiple artist called Lu:

1) Lucas Perez, professionally known as Lu (fka Lu Baby), is a rapper and singer from the All But 6 music collective and frequently collaborates with artists such as Pouya, KXLLSWXTCH, Fat Nick, South Strip, and more. His music is very unique and the world's not ready for it.

2)LU is a czech band, from the small town Koprivnice, where a new young music scene blossoms. They play alternative rock, with smashy guitar spaces but even sweet melodies. <a href=""https://www.last.fm/music/Lu"">Read more on Last.fm</a>",
Edwin Bonilla,4023,24340,biografia no encontrada,
YÁMANA,2959,12564,biografia no encontrada,
Thalia,268068,5915879,"Wrong tag. Fix you tags to Thalía <a href=""https://www.last.fm/music/+noredirect/Thalia"">Read more on Last.fm</a>",
Moises Angulo,2402,11242,biografia no encontrada,
Los Razos,27901,150270,"The history of Los Razos is similar to many Mexicans crossing the border to a better life and future opportunities in the US. Before they were musicians all of the Razos band members had various jobs, from mechanics to field workers some had to wash dishes and work as gardeners as many Mexicans who immigrate to the United States.

Los Razos are composed of five Mexicans from Michoacan and Sinaloa. Sacramento and Reynaldo who are the band leaders have struggled to keep the group together. <a href=""https://www.last.fm/music/Los+Razos"">Read more on Last.fm</a>",
Cabas,112797,1068960,"Andrés Mauricio Cabas, or just Cabas (born 7 October 1977) is a Colombian musician. His music, which is slowly gaining popularity, is distinguished by its catchy and Caribbean sounding songs.


Cabas released his self-titled album, ""Cabas"", in 2000, which he hoped to be popular and joyful. It became a huge success in Colombia, where his single Mi Bombón (My Lollipop) lead the charts of radio stations for three consecutive months, earning him a Gold Disc and a double Platinum disc. <a href=""https://www.last.fm/music/Cabas"">Read more on Last.fm</a>",Colombia
Diego Torres,265493,2559410,"Diego Antonio Caccia Torres (born March 9, 1971 in Buenos Aires, Argentina) is an Argentine pop singer and composer. He launched his first album, ""Diego Torres"", produced by Cachorro López. This album was rewarded 3 times platinum.

Two years later, and a little distant from TV, he launched his second album called ""Tratar de estar mejor"" which received 5 platinum albums in Argentina and gold and platinum albums in other Latin American countries. This album launched Torres to the international scene. <a href=""https://www.last.fm/music/Diego+Torres"">Read more on Last.fm</a>",United States
Franco De Vita,290856,3451545,"Franco De Vita (born January 23, 1954 in Caracas, Venezuela) is a singer-songwriter popular in Latin music.

One of three children born in Latin America to Italian immigrants, De Vita’s family returned to Italy when he was 3. The family moved back to Venezuela when De Vita was 13, and he later studied piano at the university level.

In 1982, De Vita formed the group Icaro, which released one self-titled album in his homeland. Two years later, he released his first disc as a solo artist, simply titled Franco De Vita. <a href=""https://www.last.fm/music/Franco+De+Vita"">Read more on Last.fm</a>",Italy
David Bisbal,351254,5109050,"
David Bisbal Ferre (born June 5, 1979 in Almería, Spain) is a Latin Grammy-winning Spanish pop singer. He gained his initial fame as a runner up on the interactive reality television show Operación Triunfo produced by Television Española.

He has since released five studio albums, all of which topped the Spanish Albums Chart, in addition to recording a number of live albums. He's toured throughout Europe and Latin America and is now considered to be a crossover international artist. <a href=""https://www.last.fm/music/David+Bisbal"">Read more on Last.fm</a>",Spain
Celia Cruz,548189,4663664,"Celia Cruz (born as Úrsula Hilaria Celia de la Caridad Cruz Alfonso in La Habana, Cuba on 21 October 1925 – died 16 July 2003) was a Cuban-American and was one of the most successful salsa performers of the 20th century, having earned twenty-three gold albums. She was renowned internationally as the ""Queen of Salsa"" as well as ""La Guarachera de Cuba.

In 1950, Cruz made her first major breakthrough, after the lead singer of the La Sonora Matancera, a renowned Cuban orchestra, left the group and Cruz was called to fill in. <a href=""https://www.last.fm/music/Celia+Cruz"">Read more on Last.fm</a>",Cuba
Guaraná,13391,89903,biografia no encontrada,
La Fiesta,10217,72017,"There is more than one artist under this name:

1. La Fiesta is a cuarteto band from Córdoba, Argentina founded and fronted by Cristian Amato.

2. La Fiesta is four-member pop group from Spain. <a href=""https://www.last.fm/music/La+Fiesta"">Read more on Last.fm</a>",
Walter Olmos,14706,117745,biografia no encontrada,
Jimmy Gutierrez,5741,38702,biografia no encontrada,
Víctor Manuelle,88399,920346,"Víctor Manuelle ,born Víctor Manuel Ruiz on September 27, 1968 in New York, New York, is a successful Latin Grammy nominated Puerto Rican American salsa singer, songwriter, and improvisational sonero, known to his fans as El Sonero de la Juventud (""The Youth's Sonero""). He is identified primarily with salsa romantica or ""salsa monga"", but has also experimented with styles ranging from Colombian vallenato to urban reggaeton. Unlike other young salsa performers such as Marc Anthony <a href=""https://www.last.fm/music/+noredirect/V%C3%ADctor+Manuelle"">Read more on Last.fm</a>",Colombia
Tru La La,6111,65839,"Tru-la-lá es un conjunto de música bailable de cuarteto que inició su actividad el 17 de noviembre de 1984 tocando en el club Unión San Vicente en Córdoba (Argentina), de la mano de su creador Manolo Cánovas y desde el 2000 por su hijo Mauricio Cánovas. Esta banda se inscribe dentro de la cultura musical propia de la ciudad de Córdoba (Argentina) y que reconoce sus orígenes a mediados del Siglo XX.

En Tru-la-lá dieron sus primeros pasos dentro de la música varios artistas reconocidos como: ""Marito"" (Mario Gutiérrez) <a href=""https://www.last.fm/music/Tru+La+La"">Read more on Last.fm</a>",
Luis Fonsi,1294341,14854780,"Luis Alfonso Rodríguez López-Cepero, more commonly known as Luis Fonsi, (born April 15, 1978 in San Juan, Puerto Rico) is a Latin Grammy winning Puerto Rican singer, composer and soap opera actor.

Fonsi and his family moved to Orlando, Florida, during Fonsi's early childhood. Fonsi's childhood was relatively average for kids his age, beginning to dream about becoming a member of Menudo, arguably Latin America's most famous boy band in history, around the time he was ten years old. <a href=""https://www.last.fm/music/Luis+Fonsi"">Read more on Last.fm</a>",
Geno,2002,8434,"Geno is a g-funk artist from Chicago, IL. He released album Unknown Lifestyle vol. 1 in 1999. <a href=""https://www.last.fm/music/Geno"">Read more on Last.fm</a>",
Benny,142314,1139548,"There are multiple artist called Benny:

1. Benny the Butcher, a hip-hop artist from Buffalo, NY, currently signed to Griselda & Shady Records.
2. Benny Ibarra De Llano, a singer, musician, producer and actor from Mexico.
3. A Hip-Hop artist from Boston, MA.
4. A punk band from Boston, UK.
5. Benny Schnier, a German Schlager singer.
6. Resident DJ of Belgian clubs Kokorico & Balmoral
7. J-Pop Girlgroup

1. Benny (a.k.a Benny the Butcher, B.E.N.N.Y. <a href=""https://www.last.fm/music/Benny"">Read more on Last.fm</a>",Belgium
Laura Pausini,556418,21863514,"Laura Pausini is a five-time Grammy Award winning Italian singer, songwriter, producer and TV host. She is the most famous and successful Italian artist worldwide. Pausini is famed for her soulful voice and her romantic Latin pop and Pop ballads and love songs, although she has also dealt with other subjects such as poverty, war, and racism, among other social issues. She is fluent in several languages. Although she mainly sings in Spanish and Italian, she also sings in Portuguese, English, and French. <a href=""https://www.last.fm/music/Laura+Pausini"">Read more on Last.fm</a>",Italy
Chayanne,492021,6843008,"Chayanne (born June 29, 1969)is a Latin Pop singer who was born as Elmer Figueroa de Arce in San Lorenzo, Puerto Rico.

Figueroa began using the artistic name of ""Chayanne"" when he was a little kid. He auditioned for Menudo, but was told that at the time that he was too young for the group. He didn't give up and he heard that Titi Soto was trying to create a new group that would compete with Menudo, and so he went and tried out. He was chosen for the group and his meteoric rise to the top began. <a href=""https://www.last.fm/music/Chayanne"">Read more on Last.fm</a>",
Lucas Arnau,32094,249449,"A Colombian singer with the same style as Carlos Vives or ""Mauricio y palo de Agua"" was born in Medellin, Colombia and is 26-years-old .He discovered his career at the age of 20 in California when he was studying for film production. He has two albums, the first that has his name was released in the year 2003 and the 12 songs were composed by him. The second album was released in 2005 and is named ""Un poco más"". Lucas lyrics are inspired by the things he has lived and the world that surrounds him <a href=""https://www.last.fm/music/Lucas+Arnau"">Read more on Last.fm</a>",Colombia
Alejandro Fernández,330652,5850575,"Artista mexicano, hijo de Vicente Fernández. Excelente interprete de rancheras y musica melódica latina.
Comenzó interpretando temas con mariachi y música tradicional mexicana. Últimamente canta también música pop.

Alejandro Fernández (born April 24, 1971) is a popular Latin Grammy-winning Mexican singer nicknamed as ""El Potrillo"" (""The Little Colt"") by the media and his fans. ] Alejandro originally specialized in traditional, earthy forms of Mexican folk and country music, such as mariachi and ranchera. <a href=""https://www.last.fm/music/+noredirect/Alejandro+Fern%C3%A1ndez"">Read more on Last.fm</a>",Mexico
Miguel Bosé,319568,5959533,"Miguel Luchino González Bosé (born April 3, 1956) is a Latin Grammy-winning musician and actor from Spain. He is one of the biggest stars in the Spanish speaking world mainstream, both in Spain and Latin America, and a well-known actor in French cinema as well.

Bosé was born in San Fernando Hospital in Panama City, Panama, the son of the famous Italian actress Lucia Bosé and the legendary bullfighter Luis Miguel González Lucas. He is also cousin of Carmen Ordóñez. His Godfather was Luchino Visconti. <a href=""https://www.last.fm/music/+noredirect/Miguel+Bos%C3%A9"">Read more on Last.fm</a>",France
Sebastian,659970,10597882,"1) SebastiAn (born Sebastian Akchoté) is a French electro house artist whose reputation started with his first releases on Ed Banger Records in 2005 entitled 'Smoking Kills' & 'H.A.L.'. A string of remixes followed including Annie, Daft Punk, Cut Copy, Revl9n & label-mate Uffie. Summer 2006 saw the release of the Ross Ross Ross EP, as well as a remix for Kelis. His remix of Kavinsky's Testarossa Autodrive, titled Testarossa (SebastiAn Remix), is featured in the video game GTA IV. <a href=""https://www.last.fm/music/Sebastian"">Read more on Last.fm</a>",France
Marc Anthony,784583,10351010,"Marco Antonio Muñiz (born September 16, 1964), better known by his stage name Marc Anthony.
 A New Yorker born and raised, the product of a music-loving Puerto Rican family, his parents named him Marco Antonio Muñíz in honor of the great Mexican balladeer of the same name. 
Born Marco Antonio Muñiz September 16, 1964 (age 52)
New York City, New York, U.S.
Nationality American Puerto Rican
Occupation Singer songwriter actor record producer television producer <a href=""https://www.last.fm/music/Marc+Anthony"">Read more on Last.fm</a>",Mexico
Kema,9936,66744,"There are at least three artists called Kema.

1. Kema is a Chilean Nü/Alternative Metal - http://kemachile.bandcamp.com/ https://www.facebook.com/like.kema/

2. Kema is a French Hip-Hop artist.

3. Kema is an independent noise artist. His releases can be found on the Glowing Fingers label: http://glowingfingers.blogspot.com/  <a href=""https://www.last.fm/music/Kema"">Read more on Last.fm</a>",Chile
Monica Naranjo,101979,1798106,"This is a wrong tag for Mónica Naranjo, please fix your tags.







Monica Naranjo Carrasco (born May 23, 1974 in Figueras, a village in Catalonia near Cadaques, Spain) - one of the most popular Spanish female singer.
She started singing at a very young age. Cristobal Sansano became her first producer. After signing with Sony Music, she recorded her debut album Mónica Naranjo in 1994, resulting in the hit songs ""Sola"", ""El amor coloca"" or ""Oyeme"". <a href=""https://www.last.fm/music/+noredirect/Monica+Naranjo"">Read more on Last.fm</a>",Spain
Sin Bandera,370391,6163180,"Sin Bandera was formed spontaneously: Leonel García (from Mexico) had the idea to be soloist, he showed talent on guitar and voice, but his project never took off with the record companies. At the same time, Noel Schajris (from Argentina) was preparing a solo album after making his debut in 1999. Both being musicians, composers and singers, they discovered the ideal formula to unite their talents and personalities in 2000. 

Noel Schajris was born in 1974 in Buenos Aires, Argentina. <a href=""https://www.last.fm/music/Sin+Bandera"">Read more on Last.fm</a>",
Miranda!,352623,17677212,"Miranda! is an Argentinean electropop band formed in 2002.
Band members include Alejandro Sergi (vocals), Juliana Gattas (vocals), Lolo Fuentes (guitar) and Bruno de Vicenti(programming, who later on left the band. Now they are also performing with Monoto, the new bassist.

The History of Miranda! begins in 2002, when Alejandro Sergi decided to join Juliana Gattas, Lolo Fuentes and Bruno de Vicentis and start a ""techno pop"" music band, though they were classified as a rock band. <a href=""https://www.last.fm/music/Miranda%21"">Read more on Last.fm</a>",
Pepe Aguilar,197449,2466529,"Podríamos decir que Pepe Aguilar no tuvo otra opción que convertirse en artista, y que como artista no tuvo otra elección que convertirse en cantante. No es coincidencia que en varias ocasiones la herencia, el talento y el linaje se hayan entrelazado con Pepe Aguilar, ganador de un Grammy Americano (NARAS) en el 2000 por su producción “Por una mujer bonita”, Pepe es considerado la voz de la nueva generación de la música mexicana,  siendo <a href=""https://www.last.fm/music/Pepe+Aguilar"">Read more on Last.fm</a>",
Yahir,74611,538269,"Yahir Othón Parra, commonly known as Yahir, is a Mexican singer and actor from Hermosillo, Sonora, Mexico. He began his career as one of the participants in the music reality show ""La Academia"" in 2002 and in addition to Yuridia, also from Hermosillo, is one of the most popular stars to come from the show.

His first hit single was a cover of Italian singer Tiziano Ferro's biggest hit in Mexico, ""Alucinado"", taken from his first album ""Yahir"" in 2003. <a href=""https://www.last.fm/music/Yahir"">Read more on Last.fm</a>",Italy
Nek,256286,4372573,"1. Filippo Neviani (born 6 January 1972), known by his stage name Nek, is an Italian singer-songwriter and musician. Nek is popular in Italy and throughout the Spanish-speaking world, and has performed and released most of his albums in both Italian and Spanish.

Nek first gained international success in 1997, when he took part in the Sanremo Music Festival in the Big Artists section, and although he didn't win, the song ""Laura non c'è"" (in Spanish: <a href=""https://www.last.fm/music/Nek"">Read more on Last.fm</a>",Italy
Francisco Céspedes,36217,430640,"Cuban-born singer/songwriter Francisco Céspedes left his physician career to get involved in popular music. The talented artist decided to stay in Mexico while visiting the country along with the Cuban Modern Music Orquestra. In 1992, Luis Miguel recorded his songs ""Pensar En Ti,"" featured on his album Aries, and ""Que Tu Te Vas,"" on Nada Es Igual, which were good enough to captivate the attention of Warner Music. In 1997, Francisco Céspedes participated in Viña del Mar Festival <a href=""https://www.last.fm/music/+noredirect/Francisco+C%C3%A9spedes"">Read more on Last.fm</a>",Cuba
Tiziano Ferro,359228,9302512,"Tiziano Ferro (born 21 February 1980 in Latina, Italy) is an Italian latin pop singer. He also records Spanish versions of his Italian albums and has had notable success in Europe and Latin America, Ferro has sold more than 7 million albums worldwide. He is one of the most famous contemporary Italian musicians. His music is basically pop, with influences of rock, r&b and hip-hop or other music styles.

His 2001's debut album, Rosso Relativo was characterized <a href=""https://www.last.fm/music/Tiziano+Ferro"">Read more on Last.fm</a>",Italy
La-33,30620,253446,"La 33 is a Salsa Group from Bogota, Colombia. The Name refers on a name of a street in Bogota, where the band is located. The Group members are:

Sergio Mejía, Santiago Mejía, Guillermo Celis, David Cantillo, Diego Sánchez, Cipriano Rojas, Juan David Fernández, Roland Nieto, Felipe Cárdenas, Vladimir Romero, Jóse Miguel Vega

The website of the band www.la-33.com <a href=""https://www.last.fm/music/La-33"">Read more on Last.fm</a>",
RBD,501050,41945981,"RBD (abbreviation for ""ReBelDe"", English: Rebel) was a Latin pop group formed in Mexico. The lineup was composed of Alfonso Herrera, Anahí, Christian Chávez, Christopher Von Uckermann, Dulce María and Maite Perroni.

Their discography composed of six studio albums, Rebelde (2004), Nuestro Amor (2005), Celestial (2006), Rebels (2006), Empezar Desde Cero (2007) and Para Olvidarte de Mí (2009), three albums with Portuguese versions, three live albums and five DVDs, having sold over 50 million copies. <a href=""https://www.last.fm/music/RBD"">Read more on Last.fm</a>",Portugal
La Barra,7998,127786," <a href=""https://www.last.fm/music/La+Barra"">Read more on Last.fm</a>",
Julio Iglesias,422127,7337544,"Julio José Iglesias de la Cueva (born September 23, 1943 in Madrid, Spain) is Spain's best selling singer and the best-selling Spanish language singer of all time. Julio Iglesias has sold over 250,000,000 records in different languages and released 77 records. He thus far has performed approximately 5,000 concerts during his career.

Early career to 1978
Julio was the son of Julio Iglesias Sr, a doctor. He was a professional football player with Real Madrid, where he played as goalkeeper. <a href=""https://www.last.fm/music/Julio+Iglesias"">Read more on Last.fm</a>",Spain
Alejandro Sanz,655958,13965693,"Alejandro Sanz, born Alejandro Sánchez Pizarro on December 18, 1968 in Madrid, is an Award winning, Spanish pop/ballad musician and singer-songwriter who has won a record 17 Latin Grammys, more than any other Spanish musician in history. He has sold more than 25 million albums worldwide.

Alejandro Sanz is the second son of María Pizarro Medina from Alcalá de los Gazules, and Jesús Sánchez Madero from Algeciras, Spain. He began playing guitar at the age of seven and composing his first songs three years later. <a href=""https://www.last.fm/music/Alejandro+Sanz"">Read more on Last.fm</a>",Spain
Ricardo Arjona,389827,9722283,"Edgar Ricardo Arjona Morales, (born 19 January 1964, Jocotenango, Guatemala), known as Ricardo Arjona (pronounced /aɾ'xona/), is a popular Guatemalan singer. He has won two Grammy Awards from three nominations: The 2007 Grammy for Best Latin Pop Album and the 2006 Latin Grammy for Best Male Pop Vocal Album, both for his album Adentro, (2005).

History

Ricardo was born in the village of Jocotenango, near Antigua, Guatemala to Ricardo Arjona Moscoso and Noemí Morales de Arjona. <a href=""https://www.last.fm/music/Ricardo+Arjona"">Read more on Last.fm</a>",
La Quinta Estacion,240699,3196557,"La 5a Estacion is group of three Spaniards that left their native country and moved to Mexico to pursue a Musical career. Their first hit was ""Donde Iran?"" a pop rock tune featured on the Mexican Soap opera ""Clase 406."" Their first album is titled ""Primera Toma."" This first album was immediately followed by ""Flores De Alquiler"" that featured hits such as ""El Sol No Regresa,"" ""Daria,"" ""Algo Mas,"" and ""Nina."" this album also had a cover track in tribute to Hombres G titled ""Si Yo Fuera Mujer. <a href=""https://www.last.fm/music/+noredirect/La+Quinta+Estacion"">Read more on Last.fm</a>",Mexico
Issac Delgado,32820,243388,"Issac Delgado is a Cuban salsa artist. Born in 1962 in Mariano, Havana, he began his professional career in 1983, becoming part of the Orquestra de Pancho Alonso; he travelled with the orchestra and in 1987 became the vocalist for Galaxia.

Born: Sept. 11, 1962

Trivia: Delgado spells his first name 'Issac' rather than 'Isaac' because at one time a promoter suggested that if it were spelled with the second 's' backwards, it would form an inspiring heart. <a href=""https://www.last.fm/music/Issac+Delgado"">Read more on Last.fm</a>",Cuba
Gloria Trevi,271627,5161042,"Gloria de los Ángeles Treviño Ruiz, known as Gloria Trevi is a Mexican singer, songwriter, dancer, actress, television hostess, music video director and businesswoman known as ""The Supreme Diva of Mexican Pop"". <a href=""https://www.last.fm/music/Gloria+Trevi"">Read more on Last.fm</a>",Mexico
Grupo Aliados,74,277,biografia no encontrada,
Latin Dreams,14904,88077,biografia no encontrada,
Michael Bublé,3344773,84561046,"Michael Steven Bublé (born September 9, 1975) is a Canadian singer and songwriter known for his interpretations of traditional pop standards and his contributions to reviving interest in the Great American Songbook. He has sold over 75 million records globally and received numerous accolades, including five Grammy Awards and fifteen Juno Awards.

Bublé's self-titled debut album was released in 2003 and reached the top ten in Canada and the United Kingdom. <a href=""https://www.last.fm/music/+noredirect/Michael+Bubl%C3%A9"">Read more on Last.fm</a>",Canada
Cristian Castro,237830,4020578,"Cristian Castro (born Cristian Sáenz Castro on December 8th, 1974 in Mexico City) is a Grammy Award-nominated Mexican pop singer, songwriter and actor. He is sometimes simply known as Cristian or ""el Gallito Feliz"" (Spanish: ""The Happy Little Rooster""). He is also the lead singer of Mexican heavy metal band La Esfinge (under the pseudonym ""Lügh Draculea""), formed in 2014 along with ex-Maná and ex-Jaguares guitarist César ""Vampiro"" López.

Castro added the ""h"" to his first name for the release of his successful album <a href=""https://www.last.fm/music/Cristian+Castro"">Read more on Last.fm</a>",Mexico
Huey Dunbar,30873,166592,"Huey Dunbar, was born on May 15, 1974. Born in New York City from a Puerto Rican mother and a Jamaican father, Huey grew up all over New York; Harlem, Washington Heights, Queens, The Bronx and even spent a few years of his childhood living in Lares, Puerto Rico. From when he was a baby, beginning to discover the gift of song, his mother motivated him to sing and was instrumental in helping him to develop a profound love for his Puerto Rican roots. <a href=""https://www.last.fm/music/Huey+Dunbar"">Read more on Last.fm</a>",Jamaica
Carlos Vives,606420,7994870,"Before he graduated from Jorge Tadeo Lozano's University with a publicist degree, singer Carlos Vives joined different bands and participated in several plays. In 1982, the artist got a role in the Colombian TV series Tiempo Sin Huella, starting his successful acting career, later extending his professional skills to the Puerto Rican television.

After participating in some teen programs as a singer/actor, he got the main role in the telenovela (soap opera) ""Gallito Ramírez,"" which made him a famous actor. <a href=""https://www.last.fm/music/Carlos+Vives"">Read more on Last.fm</a>",Colombia
Los Chaque's,719,9484,biografia no encontrada,
Raul Paz,62542,356918,"Raul Paz was born in 1969 in Pinar del Rio, Cuba.  He left Cuba in 1996, travelled in South America, and eventually arrived in France, where he studied classical music at the Conservatoire de Paris and learned the violin, singing, harmony and conducting.

Soon, at Paris clubs, such as the New Morning, Hot Brass, Bataclan, and Elysée Montmartre, he was sharing the spotlight with other Afro-Cuban musician passing through the city.  As member of the Latino and African musical community based in France <a href=""https://www.last.fm/music/Raul+Paz"">Read more on Last.fm</a>",
David Calzado Y Su Charanga Habanera,20680,259748,"
    La Charanga Habanera y David Calzado Biography: • Sergio David Calzado was born in Havana, in 1959 and began studying classic violin when he was eleven years old. Music was already rooted in his family environment since he is Sergio Calzado`s son, the prominent singer who is well-known for his performance with the ""Fajardo y sus Estrellas"" group. David Calzado studied this instrument at the National School of Art in Cuba for nine years. He <a href=""https://www.last.fm/music/David+Calzado+Y+Su+Charanga+Habanera"">Read more on Last.fm</a>",
Rey Ruiz,128766,842105,"Rey Ruiz (born June 21, 1966 in Havana, Cuba) is a well known salsa singer from Cuba. Ruiz reached international fame across Latin America, Europe and among Hispanic music fans in the United States.Rey Ruiz demonstrated an interest in becoming a salsa singer since he was a small child. Aside from an apparently normal childhood, Ruiz made his debut as a performer at a very young age; he was often showcased on Cuban television as a child, singing typical children's songs. <a href=""https://www.last.fm/music/Rey+Ruiz"">Read more on Last.fm</a>",Cuba
Alejandro Parreño,1747,18675,biografia no encontrada,
Los Originales De San Juan,46273,346871,"The famous corrido norteño group Los Original San Juan came to the United States Latino radio with the song ""I Hope I Range Life"", the first to promote his new album ""May the REACH ME LIFE"", which is now on sale.

 ""I Hope I Range Life"" is one of the successes that contains this new album the group led by Jesus (Chuy) Chavez. ""Hopefully REACH ME LIFE"" contains ten tracks written for the popular Mexican composers Francisco Quintero, Fidencio Ayala and lead singer of The Originals, Chuy Chavez. <a href=""https://www.last.fm/music/Los+Originales+De+San+Juan"">Read more on Last.fm</a>",Mexico
Alejandra Guzman,176697,2210181,"Please fix your tags with Alejandra Guzmán.

Alejandra Guzman (born February 9, 1968) is a Mexican rock/pop singer and actress, the daughter of Mexican actress Silvia Pinal and Venezuelan-born rock and roll singer Enrique Guzman. Alejandra Guzman is sometimes called ""La Reina del Rock."" After traveling with her mother's theater troupe, Guzman recorded her debut album ""Bye Mama"" after deciding she wanted to focus on singing. The song of the same name <a href=""https://www.last.fm/music/+noredirect/Alejandra+Guzman"">Read more on Last.fm</a>",Mexico
Jeremías,6239,55390,"Carlos Eduardo López Avila (born September 19, 1973 in London, United Kingdom), better known under his stage name Jeremías, is a British-Venezuelan singer-songwriter of Venezuelan parents.

He moved to Venezuela at the age of 2, although he still maintains a British passport. Encouraged musically from an early age, he began writing songs at age 8, and at age 11 took the name Jeremías. He later signed with the record label Universal, in 2000 several Venezuelan record companies were interested in his project and after some failed attempts <a href=""https://www.last.fm/music/+noredirect/Jerem%C3%ADas"">Read more on Last.fm</a>",United Kingdom
Juanes,1162338,20703607,"Juan Esteban Aristizábal Vásquez (born August 9, 1972), best known as Juanes, is a rock musician from Medellín, Colombia. When he was younger, his father started calling him Juanes, rather than Juan, a contraction of his two first names Juan and Esteban. As his friends grew to know him by this name, he chose to keep it for his musical career, which started when he, Andrés García, Fernando ""Toby"" Tobón and José David Lopera, formed the rock band Ekhymosis in 1988. <a href=""https://www.last.fm/music/Juanes"">Read more on Last.fm</a>",
Murga Contrafarsa,434,6806,biografia no encontrada,
Plastilina Mosh,225605,4414920,"Plastilina Mosh is a Mexican alternative rock group from Monterrey, México. The band was formed in 1996 by Jonás Gonzalez and Alejandro Rosso. They met in Monterrey while playing Super Nintendo. The band has achieved, since the release of their 1997 single-debut 'Niño Bomba', both critical and commercial success. The group often mixes several music styles while often switching between English, Spanish and several other languages in the same song. <a href=""https://www.last.fm/music/Plastilina+Mosh"">Read more on Last.fm</a>",Mexico
Tommy Torres,73796,750224,"Tommy Torres is a Latin Grammy Award winning producer, singer and songwriter from Puerto Rico. Named as the #1 Hot Latin Tracks producer of 2007 by Billboard Magazine, Torres has written and produced songs for many artists such as Ricardo Arjona, Ednita Nazario, Jaci Velásquez, and Ricky Martin.

Born in Santurce, Puerto Rico, Torres learned to play the violin and keyboards at a young age. He started composing when he was in high school. He then <a href=""https://www.last.fm/music/Tommy+Torres"">Read more on Last.fm</a>",
Danni Ubeda,1884,15193," <a href=""https://www.last.fm/music/+noredirect/Danni+Ubeda"">Read more on Last.fm</a>",
Shalim,6881,29311,"Shalim Gerardo Ortiz Goyco (born February 26, 1979 in San Juan, Puerto Rico), is a singer/actor. He is the eldest son of famous Puerto Rican entertainer Elin Ortiz and his wife, the legendary Dominican singer across Latin America, Charytin Goyco.  <a href=""https://www.last.fm/music/Shalim"">Read more on Last.fm</a>",
Nika,13429,103769,"1. Nika (Mónica Rodríguez) - spanish singer-songwriter.
2. Nika (Dominika Domczyk) - vocalist of polish punk rock band Post Regiment
3. Nika - dutch dubstep DJ
4. Nika - finnish r&b singer
5. Nika (Mónika Veres) - Hungarian singer, vocalist
6. Nika - Estonian pop singer 
7. NIKA (니카) - Korean-German singer, formerly known as Monika (모니카). <a href=""https://www.last.fm/music/Nika"">Read more on Last.fm</a>",Netherlands
Lorena,17584,189660,"There are more than one female artist named LORENA:

1 - Lorena Gomez Pérez (born April 12 1986) is a Spanish pop-soul singer, known artistically as ""Lorena""

Lorena was the winner of the 2006 edition / fifth series of Spanish talent show, Operación Triunfo. The program consisted a similar format to reality TV shows like the X-Factor and American Idol. From the very start, Lorena was considered a strong favorite to win, impressing judges and audiences alike with her jaw-dropping renditions of ""I Surrender"" (Celine Dion) <a href=""https://www.last.fm/music/Lorena"">Read more on Last.fm</a>",United States
Patricia Manterola,19916,124238,"Singer, actress and host, Patricia Manterola is one of the most recognized Mexican stars among Latinos in the United States.

At an early age she showed a strong inclination towards the world of music and entertainment, earning a place in the musical “Annie” at 8 years old. In 1989, she was part of the music sensation pop group “Garibaldi.” After the success of the group throughout Latin America, the United States and Europe, Patricia launched her solo career with her first album ""Hambre de Amor. <a href=""https://www.last.fm/music/Patricia+Manterola"">Read more on Last.fm</a>",Mexico
Grupo Exterminador,62441,504018,"Hablar del GRUPO EXTERMINADOR es hablar de originalidad, perseverancia, trayectoria, versatilidad y una pieza clave dentro del género del corrido norteño en Estados Unidos y México

A los 9 años, JUAN CORONA vocalista del grupo, se presentaría en publico por primera vez y gano por el estado de Guanajuato, en un concurso infantil, que se llevo a cabo a nivel nacional donde solo el 1 er lugar de cada estado participaría en la cuidad de México, en Televisa, de ahí JUAN ya sabia el sueño que quería alcanzar con el resto de sus hermanos <a href=""https://www.last.fm/music/Grupo+Exterminador"">Read more on Last.fm</a>",
Sabroso,11549,119500,biografia no encontrada,
Los Cachorros De Juan Villarreal,11147,95971,biografia no encontrada,
