Artista,Género,Tipo,Nombre,Año,ID
La Oreja de Van Gogh,latin pop,track,Pop,2000,4FXSEdmbbeGmPIQltH27C8
Thalia,latin pop,track,Entre El Mar Y Una Estrella,2000,2KNtKG2X0jpOIgVunVbAkQ
Ricky Martin,latin pop,track,She Bangs - Spanish Version,2000,4ti5pZ0zs1PDf1eQswskFB
Rodrigo,latin pop,track,Amor Clasificado,2000,5MK642wCaNr9hRDZ3kWyDX
Rodrigo,latin pop,track,Soy Cordobes,2000,5wG4J1UECH0c42YhMhSkcS
Ana Torroja,latin pop,track,Duende,2000,3WX2KhnJq3QdRTfPgHWgZU
Paulina Rubio,latin pop,track,Tal Vez Quizas,2000,4Ft4AbNwk1acKagaBOmvHb
Alejandro Sanz,latin pop,track,Hicimos un trato,2000,6AF3xHHs3tmL7JN8lkNkgR
Alejandro Sanz,latin pop,track,El alma al aire - Maqueta,2000,0J1X8DvOXj0GD07UN3kyci
Alejandro Sanz,latin pop,track,Cuando nadie me ve - Maqueta,2000,7IxcEDXDSefpahEg6zmDs5
Celia Cruz,latin pop,track,Celia's Oye Como Va (Oye Como Va),2000,7fhCXXF7V5jsU06bOgVBqJ
Monica Naranjo,latin pop,track,Enamorada,2000,3W5v2CXAqEr6aa70MMNVYK
Chayanne,latin pop,track,Candela,2000,6aZVaIudGaHm88ydUe9k4i
Thalia,latin pop,track,Regresa A Mi,2000,36GbwUTkCSQ18aysIFYEPF
Los Tucanes De Tijuana,latin pop,track,Mis Tres Viejas,2000,1yxJIFPhP2EqnQ6oWJKbmP
Rodrigo,latin pop,track,Como Le Digo,2000,4nH1lpWkgzQPpTYPPjWKaI
Marcela Morelo,latin pop,track,Luna Bonita,2000,5Yc1D1bZ0mLDsWMd047pwT
Laura Pausini,latin pop,track,Un error de los grandes,2000,0cZRvN0JNRbkmhJK90x4cH
Juanes,latin pop,track,Fijate Bien,2000,3wE4fvPhhScUAhY37TDc1D
Chayanne,latin pop,track,Salomé,2000,4l8i9h5PNoJte95Es3HftJ
Alejandro Sanz,latin pop,track,Me iré,2000,42t0ZnBaS3dYFcs3xyQF2Y
Armando Manzanero,latin pop,track,Esperaré (feat. Café Quijano),2000,4RclcYWxQMRsdmT25OK9ic
Rodrigo,latin pop,track,Fuego y Pasion,2000,0SBHkYiZh8ih1RHoOcDtHl
Chayanne,latin pop,track,Mariana Mambo,2000,3ppKW2voPfRuCtdWhF1R9z
Rodrigo,latin pop,track,Que Ironia,2000,0E9YlthbJZ6WOPKi3LTBJc
Donato Y Estefano,latin pop,track,Sin Ti,2000,3c9KuwSygZBPj6gbXLxRc7
Celia Cruz,latin pop,track,Rie y Llora,2000,63knvuoSPpfzIwdDuWRSoV
Paulina Rubio,latin pop,track,Lo Haré Por Ti,2000,2j0vCRV8XySsYHDYasQwbi
Chayanne,latin pop,track,Boom Boom,2000,4zkOTmiamebLJ39Sqbp7sb
Thalia,latin pop,track,Arrasando,2000,1EhDeCHd34jt7dMDqkGQBC
Alejandro Sanz,latin pop,track,Hay un universo de pequeñas cosas,2000,5JA04DokXsoCNcVPI9NRmD
La Retrocumbia,latin pop,track,Popurri - La Negra Salome - Juana la Cubana,2000,3MqI7CgT8Y57MbbcvbT5pX
Alejandro Sanz,latin pop,track,Para que me quieras,2000,3QYWYwpcCdf5f5DQW52oaz
Paulina Rubio,latin pop,track,El Ultimo Adios,2000,7lnun6viJADQCvZnE0w9q8
La Oreja de Van Gogh,latin pop,track,Tu Pelo,2000,36wsPM9GCrgt9pxS95PYr2
Ana Torroja,latin pop,track,Corazones,2000,6cbvo1vIHJZfIXrGxOzza9
La Oreja de Van Gogh,latin pop,track,Tantas Cosas Que Contar,2000,09oZXunRcHWgNc4jYxDeue
Chayanne,latin pop,track,Yo Te Amo,2000,2sKo5u6IppUEudIz265wYa
La Oreja de Van Gogh,latin pop,track,La Chica del Gorro Azul,2000,3MtGBLot4sqvpT0cDyWTC8
La Oreja de Van Gogh,latin pop,track,Mariposa,2000,50CFzmM2N9wxobKcURrZdw
La Oreja de Van Gogh,latin pop,track,Dicen Que Dicen,2000,69sZqRBNGrcRHZBFkvlRGW
La Oreja de Van Gogh,latin pop,track,La Playa,2000,2DNyZP4Py6f4zMASLBnIu6
La Oreja de Van Gogh,latin pop,track,Soledad,2000,4NLpfB52hwDPLn7bphgjgD
Alejandro Sanz,latin pop,track,El alma al aire,2000,0Bs7Y5vCIzuvFTS9SLBPn8
La Oreja de Van Gogh,latin pop,track,Cuídate,2000,7gqIqyeCaV2xNtfZWxEphD
La Oreja de Van Gogh,latin pop,track,Paris,2000,5ByvJeBlrYISiwy7AVEAmP
Paulina Rubio,latin pop,track,Yo No Soy Esa Mujer,2000,0JAGODD5w6MeYQzA9lV6Zm
Alejandro Sanz,latin pop,track,Quisiera ser,2000,2MnNZIetVS8IVfy9PtpLeb
Alejandro Sanz,latin pop,track,Cuando nadie me ve,2000,7sNpt6AvOvXXZVaqTCFVCu
Paulina Rubio,latin pop,track,Y Yo Sigo Aqui - Spanglish,2000,2Ma2f8jV8VKMJoAcnCvZ8h
El Cuarteto De Nos,latin pop,track,La Pequeña Leti,2000,1NisqP9RbbUN7IR3rw83EE
Los Tucanes De Tijuana,latin pop,track,Gripa Colombiana,2000,33Kxt0fCaltxIuIOzM7hfs
Paulina Rubio,latin pop,track,Sexi Dance,2000,2HUMe9s1Sn8ZrpsbmDjEAH
Ricardo Arjona,latin pop,track,Sólo Quería un Café,2000,2kWYn9WboACIhmjQWRwMMX
Banda XXI,latin pop,track,Quiero Saber De Ti,2000,68mzTYsp45l51K37Tv3V8r
El Cuarteto De Nos,latin pop,track,Cristo Te Odia,2000,6nGheW6QepWxeMuwkPLDfS
Rodrigo,latin pop,track,El Viaje,2000,6yBiLjtUHxkO5OJFuSRIeK
Beto Quintanilla,latin pop,track,Escolta Suicida,2000,4P26HKA1ijPe4o7NQqkHlP
Celia Cruz,latin pop,track,Celia's Oye Como Va (Oye Como Va),2000,21pnPg1UFfvVpLInYio1sR
Jean Carlos,latin pop,track,Tu Vas a Volar,2000,5aarNSF6jcTWgC8L25kpYi
Los Tucanes De Tijuana,latin pop,track,Cien Por Uno,2000,64VeKDD6z3P2UnDl8nphc4
Rodrigo,latin pop,track,Por Lo Que Yo Te Quiero,2000,5i9yLs9LPercK6BJgj87gj
Alejandro Sanz,latin pop,track,Una noche (feat. The Corrs),2000,1QHK82whaHGYWfARl21hUs
Rodrigo,latin pop,track,Aprendiz,2000,3zOKIMB5FOUtlhYB3nqEJY
Walter Olmos,latin pop,track,Adicto A Ti,2000,53p8lIxLmoCoBINK0zuQ4G
Thalia,latin pop,track,Rosalinda,2000,4KufWaE6epxrctKlrfVsQh
Fey,latin pop,track,Azúcar Amargo,2000,2arXuCWrLfgcELqYogQDbt
Luisito Muñoz,latin pop,track,Si Supieras,2000,5r6tP7am1kGACxGbLhKIUg
Rodrigo,latin pop,track,La mano de Dios (Homenaje a Diego Maradona),2000,6bQkinbnTaWeLtMObzIxf0
Rodrigo,latin pop,track,Yerba Mala,2000,6DAZuerCWNL5TtgKo8M2jl
Luis Alberto Posada,latin pop,track,Corazón Partido,2000,2XjKVBc0FnVE2IQNYusZg5
El Cuarteto De Nos,latin pop,track,Necesito Una Mujer,2000,7d6hieV5hQnqZNYnrYfjob
Luis Miguel,latin pop,track,Tú sólo tú - En vivo,2000,0OcPSZlWFl78HvTOh3aKDj
Walter Olmos,latin pop,track,Amor Fugitivo,2000,5inaJ88bGKl7HkA9S7ktmV
Alejandro Sanz,latin pop,track,"Llega, llegó soledad",2000,7e7ojN0bPRY4b9y7yuE40Y
Celia Cruz,latin pop,track,Por Si Acaso No Regreso,2000,1n52ulXSj7E3GOjcpw1EKF
Nek,latin pop,track,La vida es,2000,2KV7Z8NrqJTSq206nKiGGf
Ana Torroja,latin pop,track,Nada particular,2000,3EL9ISVp1tp06Euqc8492e
El Cuarteto De Nos,latin pop,track,Pegame Y Decime Shirley,2000,5OPEU3148saJYZplRlZn8U
Ana Torroja,latin pop,track,Hacer por hacer,2000,3bJMFkv8AhKbE9CDJYp5G8
Ana Torroja,latin pop,track,Siete de septiembre,2000,6fzT2ceqglZpffBISnqM7w
Ana Torroja,latin pop,track,Hijo de la luna,2000,2aFPq8f2xlJQFTYlJ8nOMr
Paulina Rubio,latin pop,track,Vive El Verano,2000,13hnZOARWepu30E9lhn4jO
Ana Torroja,latin pop,track,Si tú no vuelves,2000,07HhvYazaf4LyXNKpmDb5J
Debelah Morgan,latin pop,track,Dance with Me,2000,1C2Q3AymKS17bw7T5gfq6p
Chayanne,latin pop,track,Ay Mama,2000,3x7w1y7WLU7lpCSh39VSrZ
Monica Naranjo,latin pop,track,Enamorada - Versión Spanglish,2000,47HyGKYsNixYjBglT2PMhl
Rey Ruiz,latin pop,track,Muevelo,2000,2z7qJyoZCeNUyyt7z0Ha1U
Ana Torroja,latin pop,track,Amante bandido,2000,2lMAx2mhNdHdgw0qDZ2PSB
Walter Olmos,latin pop,track,No Me Mientas,2000,0mYPt9hLmZZvqWAbR9SdNj
Thalia,latin pop,track,Reencarnacion,2000,1iT6VaEqoBLCQcAYH75jOC
Bertin Osborne,latin pop,track,Popurrí Mexicano,2000,6vV6BhzqwsuFFRBh1L0mOq
Nek,latin pop,track,Llegas tu,2000,3YX0QfZP4EhzAc4PmlUlTS
La Retrocumbia,latin pop,track,Popurri - Cartagenera - El orangutan - No te vayas - La Piragua - Cumbia sobre el mar,2000,0PDd6bNpNQdJXQhvNWSC3O
La Gran Banda,latin pop,track,Popurri Romantico,2000,312V3J3wZS2wv53UsD97oy
La Retrocumbia,latin pop,track,"Popurri - Alejate de mi - Mentiras, mientras - Muchacha ojos de miel",2000,3vWUFIYGhO5AH4jvgVouPv
Luis Alberto Posada,latin pop,track,Cruz de Dolor,2000,5GODB1nafsfms7LyFymC4V
Luis Alberto Posada,latin pop,track,No Soy un Juguete,2000,7JoZyPwW1w1TjoO5yrzks0
La Retrocumbia,latin pop,track,Popurri - Las chiquillas - La Revoltosa - El Parrandero - Pajaro del monte,2000,5oWiYUPBnKii0nuqfzr30o
La Retrocumbia,latin pop,track,Popurri - El pescador - Todos los domingos - Atrevete a mirarme de frente - Santa Martha - Se va el caiman - La Burrita - Quiero un sombrero - Para que,2000,52b25x2jxiV9Iapiq2ni6s
Los Razos,latin pop,track,Chingon De Chingones,2000,5lduUBDO2K74wlWcReMTJ8
Beto Quintanilla,latin pop,track,El Plebe y el Cholo,2000,2jR8SDgmlxxxsiJ2iwd6Ms
Walter Olmos,latin pop,track,Chico De La Calle,2000,4zmK84b3QtttgoP5mNZpse
Walter Olmos,latin pop,track,Por Lo Que Yo Te Quiero,2000,3dKjmF3Yjl79hybcSkE9M5
Beto Quintanilla,latin pop,track,Raquenel Villanueva,2000,71rQncW9uGaAg4QplpEbeL
Walter Olmos,latin pop,track,Extrañándote,2000,0zXjhiCo3x42xLcxK0GoFf
Juanes,latin pop,track,Nada,2000,0fxLW78I51KMo6SNMm7Fcg
Ana Torroja,latin pop,track,Nena,2000,05lfAUHuoiSTGESSyLbiZ4
Ana Torroja,latin pop,track,Un año más,2000,58dwFuu8GK2Gnab1ucCSlj
Jean Carlos,latin pop,track,A Puro Dolor,2000,2K5ureC8z6V2dAtj0B8ASW
Donato Y Estefano,latin pop,track,Toma Tu Tiempo Y Suena,2000,3ANzgIoMEW7KobbWrA6crP
La Oreja de Van Gogh,latin pop,track,Rosas,2000,0iCTZBrskLb7xIZBuGcNrn
La Mosca,latin pop,track,Cha Cha Cha,2000,36in1jDriTe1PQhU4iTKkv
Ana Torroja,latin pop,track,Bambú,2000,1TuvKksFlFgn6D3VkGUhPs
Walter Olmos,latin pop,track,Ay Corazón,2000,2qOIRBrWn2fll2ude8zBo4
Jimmy Bosch,latin pop,track,Pa' Mantener Tradición,2000,5m9rNQ7CqWffaZGBXTF98n
Shakira,latin pop,track,No Creo - En Vivo,2000,1GM2ouHHKW3tuCzjSZKIyr
Donato Y Estefano,latin pop,track,Naturaleza,2000,6oGgP96pCoPGVH9WhFZus0
Ana Torroja,latin pop,track,Salamandra,2000,6dLlU2XOMZLWoXrKA9baY8
Laura Pausini,latin pop,track,Somos hoy,2000,4PMRRIFC8I23pWOxvYpAK2
Alejandro Sanz,latin pop,track,El alma al aire,2000,0JDTLHMnltIIVnXi72RTom
Alejandro Sanz,latin pop,track,Cuando nadie me ve,2000,0bfPmBR6iN2cyJQJUUQOG0
Ana Torroja,latin pop,track,A contratiempo,2000,7zDsplBsyc0cyZoR9AJYWt
El Cuarteto De Nos,latin pop,track,Me Amo,2000,5aRef1fGbwM1t0MqXSrwzV
Walter Olmos,latin pop,track,Amor De Adolescentes,2000,2ChbVApTbkUwVmd4xOvLtP
Chayanne,latin pop,track,Hasta Que El Alma Resista,2000,24roOHa0bnZSohbWE7Ligd
Ana Torroja,latin pop,track,Muro,2000,4KYnziYaVyyM2KHT2hZfZI
El Cuarteto De Nos,latin pop,track,No Somos Latinos,2000,3Hh2NDo6xmxPZEVQ4E7NOT
Donato Y Estefano,latin pop,track,Entre La Linea Del Bien Y La Linea Del Mal,2000,4iKnaiZ1Rb1emdpboOte67
Ana Torroja,latin pop,track,Como sueñan las sirenas,2000,3SYX4F2sGa3k3sTnQD1oC5
Juanes,latin pop,track,Podemos Hacernos Daño,2000,4dK3GtjIEt42iVHo3qjMss
Ricky Martin,latin pop,track,Dame Más (Loaded) - Spanish Edit,2000,3zBP6rvzlBtcn1gEsgzeBI
Julio Iglesias,latin pop,track,No Es Amor Ni Es Amar (Gone Too Far),2000,3yggjuzrpJ9qNnVuz6va83
Rodrigo,latin pop,track,Un Largo Camino al Cielo,2000,2PlSYK2fahYQAfOQ5oZkDt
Banda XXI,latin pop,track,Y Te Amo Solo,2000,78Of4ie3Av5b8BKSf8CG6H
Alejandro Sanz,latin pop,track,Tiene que ser pecado,2000,3Mu0D93GhMoPKjPx7htLXY
Donato Y Estefano,latin pop,track,Y Bailo,2000,4qrhU545tqm3RHvNrql1YA
Celia Cruz,latin pop,track,Por Si Acaso No Regreso,2000,50TcSPtqH5VsexbUlbptVu
Ana Torroja,latin pop,track,Barco a Venus,2000,2CPucIrbVXPHysngMqfmSI
Polo Montañez,latin pop,track,Un Montón De Estrellas - Montuno pop mix,2000,57kkKgQqufYrdRrkXk02nr
Luis Alberto Posada,latin pop,track,Negros Recuerdos,2000,2eaqczOTq5cAAZxIdbkYr9
Ana Torroja,latin pop,track,Ya no te quiero,2000,36q0PyyQa1u39ZUala53gD
Ana Torroja,latin pop,track,Hoy no me puedo levantar,2000,1R7Xolq9aQh8fTZ4qa9rnb
Alejandro Sanz,latin pop,track,Silencio (Ghost Track),2000,41IpfXrlcy5uVYLHSD4hw1
Donato Y Estefano,latin pop,track,Mar Adentro,2000,5zGneVMVXG5uTqNjVUenWH
Monica Naranjo,latin pop,track,Enamorada - Remasterizado 2024,2000,0Xlg10txXw1OzvJwHMB0Sr
Issac Delgado,latin pop,track,Popourri Pa'l Sonero,2000,13ViPREtq0llZeSbArTKno
Luis Alberto Posada,latin pop,track,Destino Marcado,2000,4ioo5mmNAB8XjaCNtsq7ww
Tru La La,latin pop,track,Como Tú,2000,0HF43dp7GkUmDSTwtFAKE7
Los Chaque's,latin pop,track,Popurrí,2000,7b3uMBF8ofWeYgMQiPEM2C
José José,latin pop,track,Popurrí: Cómo Hacer para Olvidar / Con Mis Propias Manos (with Juan Gabriel),2001,63IIgFOKUy9bUPsFbFg5Hz
Shakira,latin pop,track,Objection (Tango),2001,36YNa8joLwu9yor2TkZbIY
Sabroso,latin pop,track,Llegó Tu Papi,2001,3jdU5hu76KBxor1EBDDSXR
Shakira,latin pop,track,Que Me Quedes Tú,2001,3pWF6sOdKOtwtIbVaFMN6U
Diego Torres,latin pop,track,Que No Me Pierda,2001,1hddbV736FaAFxMho50n75
Jean Carlos,latin pop,track,Quiereme,2001,2749jULVf3n93RHzAIpmTi
Aleks Syntek,latin pop,track,Por Volverte A Ver,2001,5mQAisM7QzOcAGwi9uSMIh
Shakira,latin pop,track,"Te Aviso, Te Anuncio (Tango)",2001,1w5nWhUzrQqj0WnDXrgsnC
Shakira,latin pop,track,"Suerte (Whenever, Wherever)",2001,3TY1PFZXmYeiLcXygB74My
Shakira,latin pop,track,Te Dejo Madrid,2001,3ToWC9JYSmDIa9yJs0k6PO
Marc Anthony,latin pop,track,Tragedia,2001,57Jg4oOmi5nDxTfgYupXOF
Rios De Gloria,latin pop,track,Cómete Mi Cuerpo,2001,4Q7qrWJqvILMsRz64uERQ7
Laura Pausini,latin pop,track,Se fué - Versión 2001,2001,1okB84GHnf4CUGaR41TdkW
Monica Naranjo,latin pop,track,Sacrificio,2001,6G99t1AZEyHu9aZ8OiSKRf
Carlos Vives,latin pop,track,Quiero Verte Sonreir,2001,15pVedXa5un2RkNRix3Qet
Guaraná,latin pop,track,Echame a Mí la Culpa,2001,2vIprOKFrPtsnQtADuVUp8
Carlos Vives,latin pop,track,Dejame Entrar - Vallenato,2001,6Hb2ACYykM73uDQ3h2HVZc
Jennifer Lopez,latin pop,track,Que Ironia (Ain't It Funny),2001,6GraX5ZAA1H3ahBuY9bUsj
Bacilos,latin pop,track,Lo Mismo Que Yo,2001,6FIZDGD7A15jGZ5oI3b5sG
Carlos Vives,latin pop,track,Luna Nueva,2001,1fAzF0YA0bPy65wNS7pu9h
Beny Moré,latin pop,track,Bonito y Sabroso,2001,0mxOACRTcfoUtCcsbgSw2R
Bacilos,latin pop,track,Besala Ya,2001,50mROPNHQ6xkNnHcXlNhOZ
Miguel Bosé,latin pop,track,Gulliver,2001,0ozPBJGryvMbMCadTU3M9a
Miguel Bosé,latin pop,track,Sereno,2001,0lb2MUjcw5ijjStEGf5AZE
Miguel Bosé,latin pop,track,Puede que,2001,6ZioYho38EzmR15NRVKOl9
Marc Anthony,latin pop,track,Valio la Pena,2001,0auNaXOXs33GglZq5W0ixb
Miguel Bosé,latin pop,track,Te digo amor,2001,1ceXRxQfEX0yuN3wZWcG3J
Alejandro Sanz,latin pop,track,Aprendiz - Unplugged,2001,7efXKi4jjGrXMvO6N7U2N4
Luis Miguel,latin pop,track,"Amor (Amor, amor, amor)",2001,1k4GYtmW7edpJ9uhQmzO66
Diego Torres,latin pop,track,Color Esperanza,2001,3T07pNAEVr9adeIG9i1ex4
Shakira,latin pop,track,Te Dejo Madrid,2001,0IESLhxv5iqXvMH5mm3z88
Luis Miguel,latin pop,track,La última noche,2001,1hO1Nw8W8ssvFPDJaVec41
Enrique Iglesias,latin pop,track,Escapar,2001,3UTEEPuMNeMjfer5BZg2ne
Carlos Vives,latin pop,track,Carito,2001,5czkBkWogUvTf2jleGyHaQ
Diego Torres,latin pop,track,Sueños,2001,6arKgQHCGt2buopAxKTpQt
Alejandro Sanz,latin pop,track,Y sólo se me ocurre amarte,2001,05Zcw1sWmSu3wfbaLTeosp
Bacilos,latin pop,track,Tabaco y Chanel,2001,48svUiwMMYQRPyesVEnof1
Carlos Vives,latin pop,track,Dejame Entrar,2001,2jNqxXMkVVpEvjvvwvUDDD
Raulin Rodriguez,latin pop,track,Popurry Porque Tengo Ganas - En Vivo,2001,7adMt1YTURYd7AMFOswVgy
Miguel Bosé,latin pop,track,Morena mía,2001,0HmQkmfYXRPweIg1ycw1R8
Enrique Iglesias,latin pop,track,Heroe,2001,4AkrkORGjiz7c90mwxAvdW
Sin Bandera,latin pop,track,Sirena,2001,0jBxmxlS1YJza0SDEyTp5d
Sin Bandera,latin pop,track,Kilómetros,2001,0AcFsf9FGjL1Al2RBQ1Crq
Sin Bandera,latin pop,track,Te Vi Venir,2001,3WpUm0g3LnhZcdMDmaj3XM
Shakira,latin pop,track,Que Me Quedes Tú,2001,656yISUj1xcGthQHLC3iT5
Shakira,latin pop,track,"Te Aviso, Te Anuncio (Tango)",2001,6IIvQrGLkX6ZEABLPqyi7C
Cristian Castro,latin pop,track,Lloviendo Estrellas,2001,62yBE3BVr4Kt7Q6xS1OR32
Sin Bandera,latin pop,track,Entra en Mi Vida,2001,2h0iSG7htO0V4IvuwbTBf3
Cristian Castro,latin pop,track,Azul,2001,7iAXEpyYmNpEDBtALzxbMm
Shakira,latin pop,track,"Suerte (Whenever, Wherever)",2001,1YIoEGlYIrlir1FOdWmSe8
Cristian Castro,latin pop,track,Amor,2001,3Y3mJi8BrUfIIrOkHjg93d
Los Razos,latin pop,track,Más Chingón Que Ese Buey,2001,5fA7H8n3zhNsoSQSYA3DLz
Tommy Torres,latin pop,track,Nunca Imaginé,2001,7iUy5NcytDkc4ldUosTVrB
Sabroso,latin pop,track,Bella Idiota,2001,50nxv0F8ZSlyCmaT2bAEAU
Aleks Syntek,latin pop,track,Bendito Tu Corazón,2001,6WzoBPWhktTYTJol06BG3q
Beto Quintanilla,latin pop,track,El Gordo Paz,2001,29EqF77z5pCq5uCPm1ir5v
Los Tigres Del Norte,latin pop,track,Los Tres Gallos,2001,7udJoseAJT6OnSusEzTVb6
Mo' Horizons,latin pop,track,Cha Cha Cha,2001,3autSJVPpfSpsvSKHm6PF2
Miguel Bosé,latin pop,track,Mirarte,2001,0aRXxDCsqv15KjKeUrTT3Z
Marc Anthony,latin pop,track,Tu Amor Me Hace Bien,2001,7FGZKu8VjGu1EImHbYgsS3
Diego Torres,latin pop,track,Perdidos en la Noche,2001,5zSgybaHA0Ei2u04fkk1Nl
Lemon,latin pop,track,Latin Lover,2001,7qiKyYxHkSCwrNf4ynalaZ
Jennifer Lopez,latin pop,track,Dame (with Chayanne) - Touch Me,2001,46EfzGWwD2qoRygDaUZW8H
Bacilos,latin pop,track,Cuestión De Madera,2001,5RCzzbVZu7OylNUtSn47b3
Marc Anthony,latin pop,track,Tan Solo Palabras,2001,5O5Xt5nZkXvYoCkvkQDSnQ
Shakira,latin pop,track,The One,2001,56DUFNjNTxc243GLRLL0or
Enrique Iglesias,latin pop,track,Escapar,2001,43RR8ItPkVLf5SEAQ4Ao3x
Enrique Iglesias,latin pop,track,No Apagues La Luz,2001,6zZvZmxeKdmjTqiqAukyas
Shakira,latin pop,track,Eyes Like Yours (Ojos Así),2001,2Z0B1K4oP5s3xoFcCbDm4T
Jean Carlos,latin pop,track,Pero Me Acuerdo de Ti,2001,6yih58lNV3gqSA3BoWAj3K
Joaquín Sabina,latin pop,track,La del Pirata Cojo - En Directo,2001,79xzeZF9YD9FTVVcLcXBZR
Los Tigres Del Norte,latin pop,track,R. Uno,2001,63TrIuxdPky2Tqc4kUNMFq
Carlos Vives,latin pop,track,Amor Latino,2001,3eQbrmCTTTyBNSdmVTgO8L
María Bestar,latin pop,track,Pensando en Ti,2001,3ps5umat3oLP2dvjo37Lv2
Shakira,latin pop,track,Rules,2001,2KB42Lvoav7uKtFSq5F6ZH
Rodrigo,latin pop,track,Figurate Tu,2001,2mRjSoNAEdDWbOCbNaJlSe
Shakira,latin pop,track,The One,2001,1SH9WY0eACGHxtrmW3QAn1
Jennifer Lopez,latin pop,track,Cariño,2001,57Coopi4KriNAIdBzCOVY1
Shakira,latin pop,track,Objection (Tango),2001,2N1vJgOptB5T0eqXaOAsaZ
Laura Pausini,latin pop,track,Un error de los grandes,2001,7MTGAHMImcx3ODcvOFAzcM
Jimmy Gutierrez,latin pop,track,Sigo Torcido,2001,04c2pAHDwOL9HHIFOTRPJe
Los Tigres Del Norte,latin pop,track,El Gato Felix,2001,3axiaOek9ulzNu7IR2BW5U
Laura Pausini,latin pop,track,Gente (Ordinary People) - Versión 2001,2001,7iHcKIWTv0JNKmxkCoPGJi
Alejandro Parreño,latin pop,track,Suave,2001,1gYcFeUpGF6lXg5hUWHmoy
Shakira,latin pop,track,Eyes Like Yours (Ojos Así),2001,5I2VapAoss9eQHmuwXfoMt
Enrique Iglesias,latin pop,track,Heroe,2001,7unMv8ME62ZkqSwzwG7rNv
Carlos Vives,latin pop,track,Decimas,2001,4M0Wxt6WxOLnBd6TWcy6fp
Carlos Vives,latin pop,track,A Las Doce Menos Diez,2001,4LRdN6eOgRin2g5XN90tnZ
Shakira,latin pop,track,Rules,2001,3k5fbzPDUYj3A6kgaSeyaG
Rios De Gloria,latin pop,track,Atrévete,2001,1QK3vJV3rKsEFPAnTw8zmW
Miguel Bosé,latin pop,track,Mientra respire,2001,1qjScvaDYwRbFZN6ZHWNEn
Orquesta Tabaco Y Ron,latin pop,track,El Son Te Llama - Guajira,2001,6XpzlyKVu7IqAu1rt5auYS
Clave Cubana,latin pop,track,Dámelo,2001,2r8smJSzObqkWmDzkvWqXs
Diego Torres,latin pop,track,Por Ti Yo Iré,2001,1ztMqZRWUjTGp7TcV91PlU
Skeewiff,latin pop,track,Skeewiff vs Big Les,2001,7MrL6oSeU1NTNzKoVv87nC
Diego Torres,latin pop,track,Una Gotita de Tu Amor,2001,6qPVuRYI2JhRj2gZLNa4B7
Malú,latin pop,track,Esta Vez,2001,28fsya2Ov8uz3Ft6rwZkbk
Bacilos,latin pop,track,Manchados de Amor,2001,0SFpnHZ1EPFA4YNDhSYbyB
Los Tigres Del Norte,latin pop,track,El Corrido,2001,4GS8J5N1MAprTeeW8FX8p4
Miguel Bosé,latin pop,track,Tictac,2001,5kbvxs6JTzyAE91pFW4ONB
Los Originales De San Juan,latin pop,track,El Cara De Chango,2001,7KMdIEMwPXdB0ZCQlfo8Xz
Aleks Syntek,latin pop,track,De Noche En La Ciudad,2001,22TVnBgmMkYNlgRxxatDDs
Glup!,latin pop,track,Complice Eterno,2001,5njFCHCaUvHQSqNFluZ36A
Miguel Bosé,latin pop,track,La noche me gusta,2001,1zdcrUNgYCZQLs239w6oIj
Los Cachorros de Juan Villarreal,latin pop,track,Se Les Pelo Baltazar,2001,6WuJdz1dLYTK9sTgl4gXxg
Los Legendarios,latin pop,track,No Peleamos Tanto,2001,4ExGHXmtvoqkReNPI48vs4
Tru La La,latin pop,track,La Gaita De La Cenicienta,2001,5wHIC57BroB3t0aoWGFbKT
Tru La La,latin pop,track,Tres,2001,72fQ9LCgz0Ylrv151wU94i
Chayanne,latin pop,track,Mariana Mambo,2001,1HVSlXBjFtPPbLnkjZvHkR
Enrique Iglesias,latin pop,track,She Be The One,2001,3O643B26KZBVkcGJcLpucv
Sin Bandera,latin pop,track,Para Alcanzarte,2001,2YoFMZevnX9G6vDcmNhSh7
Marc Anthony,latin pop,track,Nada Personal,2001,2RJVcawciSWFpp81jFDRVj
Walter Olmos,latin pop,track,Ya Me Voy,2001,3ZIx1F3UK3o26CH87zpnVr
Malú,latin pop,track,"Te Amaré, Te Odiaré",2001,3LcEJauXgXtFgQ8AcmqMcw
Huey Dunbar,latin pop,track,Ella - Pop,2001,6p7ExVZMbxgULiOtbagZmd
Bacilos,latin pop,track,Lo Mismo Que Yo,2001,2VSpIWhhnuX3uff8lev6XX
Lorena,latin pop,track,Como Yo No Hay Ninguna,2001,1xLxztf8sohwikq24dG3AJ
Beto Quintanilla,latin pop,track,Arturo Garza Treviño,2001,5ku0JdLREAA5msDvdT7jXM
Marc Anthony,latin pop,track,Tragedy,2001,5iFFu1vQjbjcHmAMjvMaNj
Laura Miller,latin pop,track,Dispara,2001,4pA5bjkuwWJ9b7XqbynBSV
Walter Olmos,latin pop,track,Enamorado De Ti,2001,5IvwoPJK3IUY9eQUfdLoYJ
Carlos Vives,latin pop,track,Santa Elegia,2001,26YnsQBrhbZJtVmftMgM4V
Rodrigo,latin pop,track,La mano de Dios,2001,7HPE3gX2LPxRAGlzyMg14u
Enrique Iglesias,latin pop,track,Maybe - Mark Taylor Version,2001,4eFDdBL9uR5VigQe6QLagG
Jean Carlos,latin pop,track,Tu Recuerdo,2001,0MAY27DWhl23FD7aAIviL4
Thalia,latin pop,track,Amor A La Mexicana,2001,523gZU4PTmWFLE5umqYZUJ
Sin Bandera,latin pop,track,A Primera Vista,2001,3F3fe3Fke6HryAz2jCj7Ki
Miguel Bosé,latin pop,track,A millones de km. de aquí,2001,0AWqwLSeNcovmTTmBguxTg
Alejandra Guzman,latin pop,track,De Verdad,2001,0C5cuiFvMM2uGp0Csf5mbk
Ricardo Montaner,latin pop,track,Moliendo Café,2001,69qTDQiU56KpjrrlYd6cWC
Sin Bandera,latin pop,track,No Neguemos el Amor,2001,1V8Vk2SROKBY1SkCuannMK
Walter Olmos,latin pop,track,Flor De Papel,2001,0ClmFraorVwTcZHG6AXDyU
Diego Torres,latin pop,track,Si Tu Te Vas,2001,5FdS0M6aUXYdLMoJ07pd2z
Clave Cubana,latin pop,track,Dámelo,2001,1Naf9zFv0DjVmZrMYXNSse
La Barra,latin pop,track,No Te Pareces a Nadie,2001,1QsdcGgBLHZceifTJ09hBp
Alejandra Guzman,latin pop,track,Volveré a Amar,2001,7BSFRpiPRrOofQqXuzKz49
Beto Quintanilla,latin pop,track,Pepe Guerra,2001,7sPzaC3JLk7YpHGHzSTJMK
Carlos Vives,latin pop,track,Papadio,2001,7CZrboI6CwrUoAapfwynwm
Carlos Vives,latin pop,track,Maria Teresa,2001,1rWz5bVvaLzg7lw3ffW0O0
Beto Quintanilla,latin pop,track,El Cobrador de la Mafia,2001,1mb8nyIkCMEZARIqhorKLU
Enrique Iglesias,latin pop,track,If The World Crashes Down,2001,3tEFlPUOexZwkpgOgESX2K
Tommy Torres,latin pop,track,Como Olvidar,2001,73bxJxJ0srKjmwlCvConsD
La Mona Jimenez,latin pop,track,El Marginal,2001,3E78p8FVQQDktDJbdYjiju
Andrés Cepeda,latin pop,track,Sabrá Dios,2001,5vUTNNN97eJf9H68aHsa5K
Jon Secada,latin pop,track,Otro Día Más Sin Verte,2001,2p66skbZggvJy7Dcg4A95v
Enrique Iglesias,latin pop,track,One Night Stand,2001,29XXuizhXIgznnJFoI46VP
Diego Torres,latin pop,track,Quisiera,2001,3OuH70gOw41AdTddInqWzR
Sabroso,latin pop,track,Yo Mañana,2001,2fdvkGreqqwKexyoDMNMtK
Alejandra Guzman,latin pop,track,Abrázame,2001,65vj7NYfgXjYqODJ7w6Z23
Draco Rosa,latin pop,track,Más y Más (Crash Push),2001,2ztC4RuO8oG8OWcB6acQec
Juanes,latin pop,track,Un Día Normal,2002,4ONYtVLVISTCTbC6PojnQy
Bacilos,latin pop,track,Solo un Segundo,2002,1hMQi73KABRBsxSmFNnxBS
Ricardo Arjona,latin pop,track,Duele Verte,2002,3lCEKPzDk6VZRUZtD6OusZ
Thalia,latin pop,track,No Me Enseñaste,2002,37QuCMe2SASXrkLm5NhT5m
Alejandra Guzman,latin pop,track,Llama Por Favor,2002,0gGVITim8gdAAnycAbJlu6
Chayanne,latin pop,track,Completamente Enamorados,2002,1zU6PCdQxUu1tMT5xbc6x5
Marc Anthony,latin pop,track,Tragedia,2002,2TYsieEy8GcU0O3C8giiH6
Enrique Iglesias,latin pop,track,Para Qué La Vida,2002,4ZwU8VMYnkigKVJgSgTBtK
Nek,latin pop,track,Tan sólo tú (feat. Laura Pausini),2002,3dzRnfdfWWBJrfwFxB7WeB
La Quinta Estacion,latin pop,track,Dónde Irán,2002,1cO4JduwcbY7hLHmn2G6Oy
Francisco Céspedes,latin pop,track,Te soñé lluvia de abril,2002,4f4g9gkR7E4ub1wXVdleAH
Marc Anthony,latin pop,track,Te Tengo Aquí,2002,2WFcOTxU9iUkhNvVDxXOAF
Paulina Rubio,latin pop,track,Baila Casanova,2002,0ztfQ5ThvciZnP9I4HOYpS
Cabas,latin pop,track,Mi Bombom,2002,29ET4ONM7UGb5fIbLfHoDK
Monica Naranjo,latin pop,track,Sacrificio,2002,4EPzePB6MBdmxo89OZDxZn
Shakira,latin pop,track,Estoy Aquí,2002,117PkfBYudl1lSoFFAvOM4
David Bisbal,latin pop,track,Por Tí,2002,5Z1OtX1pBghZfi2DIF2IAM
La Quinta Estacion,latin pop,track,Perdición,2002,63UVQxIQeteRdhyQXeu59J
Thalia,latin pop,track,No Me Enseñaste,2002,0AhtxBg5OU06Lh086URR5c
Shakira,latin pop,track,"Ciega, Sordomuda",2002,2KeFEmC9tWtNaF2hZ7yLpm
Enrique Iglesias,latin pop,track,La Chica De Ayer,2002,2kGflpDFBexojT5vIu6tmr
Shakira,latin pop,track,Inevitable,2002,2gxSaoTORdXmNLUpsNFbQk
Ricardo Arjona,latin pop,track,Dame,2002,0yW1i6nCr5K1G04yLXoVAY
Paulina Rubio,latin pop,track,Todo Mi Amor,2002,099lR7Nk98XlEzGW1ByRci
Enrique Iglesias,latin pop,track,Mentiroso,2002,2pOkvQHdkBmIicUQNKMH8A
Paulina Rubio,latin pop,track,Y Yo Sigo Aqui,2002,6wHLwXw6abCjFSv0HRJ16m
Thalia,latin pop,track,A Quien Le Importa,2002,375m9HRyizKh54o7ounCtW
David Bisbal,latin pop,track,Dígale,2002,5OKrgU6UuGMp4sGRxv1JH2
Chayanne,latin pop,track,Provócame,2002,5ycQatSgvV36zWAG5EqyWn
David Bisbal,latin pop,track,Un Amor Que Viene Y Va,2002,1KTvoouIqHCIfQj8v71von
Alejandro Fernández,latin pop,track,Popurrí Vicente Fernández,2002,6MpC1IWrMumeG0GOzYChwL
Cristian Castro,latin pop,track,Lloviendo Estrellas,2002,5b00r2xveYfVIOExZJJ395
Juanes,latin pop,track,La Paga,2002,2VRArF8Mnmi1dHiHr1DlNE
Enrique Iglesias,latin pop,track,Quizás,2002,1iC6iDolyChCB8wTBujAff
Alejandro Fernández,latin pop,track,Popurrí Bravío,2002,2zCjnGQFGWDEmiGPqcbYZC
David Bisbal,latin pop,track,Lloraré Las Penas,2002,02LY9cHQcP3g9wtDfykKDs
La Gran Banda,latin pop,track,Popurri Franco de Vita,2002,48qh246VPzVwVP7eqFZAaS
Chayanne,latin pop,track,Torero,2002,709CndJJB3GTUhQD0LLFse
Ricardo Arjona,latin pop,track,El Problema,2002,4xOH4JowajfqHegIJ07EJV
Juanes,latin pop,track,A Dios Le Pido,2002,129lYDVKnWtlJc2PZJviuA
Ricardo Arjona,latin pop,track,Minutos,2002,2vGUmuGUjtUG7iM5yTHKkZ
Bacilos,latin pop,track,Mi Primer Millon,2002,5fSDXbY8o9pA3TKwAbfwML
David Bisbal,latin pop,track,Ave María,2002,5U4pDBaeq2Jl2dKuWWUSsh
Juanes,latin pop,track,Fotografía,2002,0dEPlb8waIqRtKpLb3l6So
Cristian Castro,latin pop,track,Azul,2002,6pHCJmx9FXnMwEqB0LWUEH
Shakira,latin pop,track,Antología,2002,1I1DRPWM8iIYEbsuGMbaR3
Bacilos,latin pop,track,Caraluna,2002,7DhYjNLksXZhbRQeheAums
Juanes,latin pop,track,Es Por Ti,2002,3b1IQflSLrgzYQPGFzI9cl
Chayanne,latin pop,track,Y Tú Te Vas,2002,7zuwr7YqqpveNtxlKe1vn6
Chayanne,latin pop,track,Dejaría Todo,2002,7cKDTgEOfhG4v6R8HngRrP
La Mona Jimenez,latin pop,track,Se fue,2002,6Es83FjDD83UvyUy5m0X74
Ricardo Arjona,latin pop,track,La Nena (Bitácora de un Secuestro),2002,6sV9GIG1pDy7jUnf6braCk
Paulina Rubio,latin pop,track,Si Tu Te Vas - Radio Edit,2002,2IrrDz9olCSv3fsZS7xIhb
Thalia,latin pop,track,A Quien Le Importa,2002,0R5da1qbsZ8juxK3Dm8XCw
Marc Anthony,latin pop,track,Te Tengo Aquí,2002,3hfKFGusZM8sJiGDgVQVT8
Ricardo Arjona,latin pop,track,Me Dejaste,2002,6mHk4QKnXLufSVNiNvFCC1
Chayanne,latin pop,track,Dejaría Todo,2002,5YT1NfgHvrJUhgoHrvD9h7
Paulina Rubio,latin pop,track,Baila Casanova,2002,3Eva9s897g07rSWgEguJOY
Juanes,latin pop,track,Es Por Ti,2002,2b4fX8Vl1i5tedaBYkiP6W
Shakira,latin pop,track,Ojos Así,2002,53omHAZC5Onf7gLzSOOtMP
Chayanne,latin pop,track,Torero,2002,6UG9lLE4MPV8SouNVJYpkN
David Bisbal,latin pop,track,Como Será,2002,7v8DdksZuxCvnVQzedXAMX
Ricardo Arjona,latin pop,track,Amarte a Ti,2002,5W4DHdoiuoEbrJkBHN56e9
Ricardo Arjona,latin pop,track,Vivir Sin Ti Es Posible,2002,5DLTNshwjXb2JIgUbR41bd
Shakira,latin pop,track,Si Te Vas,2002,5tdWyz9U3pbmenWJfG1bDj
Thalia,latin pop,track,Tu Y Yo,2002,4lFWOpDoGH8OSqMgKJ32qD
Bacilos,latin pop,track,Viejo,2002,7jW99uQlNY8bnkUBT0ilIu
Ricardo Arjona,latin pop,track,Santo Pecado,2002,72fhjTH15gMG2aq0POwTeS
Shakira,latin pop,track,"Te Aviso, Te Anuncio (Tango)",2002,2hdlRbfA2Jrq0oc34CPbcp
Thalia,latin pop,track,Tu Y Yo,2002,6PA4trXSB295HB7uvB1lQx
Enrique Iglesias,latin pop,track,Marta,2002,5yF33pmtR39xmPI2yHeOgW
Juanes,latin pop,track,Luna,2002,7sCu8xWNkxfzjoZU6aQSf1
Chayanne,latin pop,track,Este Ritmo Se Baila Así,2002,6sXmREN5oJXB0rZqSjMNXV
Chayanne,latin pop,track,Salome - Club Mix-Radio Edit,2002,3ph3PlBkcBaMvjjpV7PbSO
Chayanne,latin pop,track,Tal Vez Es Amor (Talvez Seja Amor),2002,0MBg2LC84VxPrQrFQbilIL
David Bisbal,latin pop,track,Miénteme - Versión Gala Eurovisión,2002,2FHtaajACxj1cSbiqwUYnS
David Bisbal,latin pop,track,Por Cuanto Tiempo,2002,6uVA8QHCusfbZ8OsRvORN8
Chayanne,latin pop,track,Y Tú Te Vas,2002,5kFv2rK2ZmvxGSWaXFJejh
Shakira,latin pop,track,Que Me Quedes Tú,2002,7rl3NjLzloRZGki6Vxuz5l
Juanes,latin pop,track,La Noche,2002,2KHPw123JFMMEzPa30vfyD
Cubismo,latin pop,track,Morenita,2002,0lygXGSf5bI10nmOvQsTnC
Shakira,latin pop,track,"Suerte (Whenever, Wherever)",2002,6fNOLHy8VxBsKxy1D41EVz
La Barra,latin pop,track,Y No Voy a Llorar,2002,2QGHMlCqgRnAyuzV8BzaCY
Ricardo Montaner,latin pop,track,Verte Dormida,2002,4EN7lz0KaRxlRWnV4IM2SK
Chayanne,latin pop,track,Torero,2002,4YaPrZIhSz7IvZ3ioe35MP
Ricardo Arjona,latin pop,track,Se Fue,2002,23Q8Oqu7uV0Q9jMzd9uYXA
Shakira,latin pop,track,Donde Estas Corazon,2002,2QxdPHAHWvC0kjpFepDjb3
Ricardo Arjona,latin pop,track,No Sirve de Nada,2002,0QlD8xXyFtos3oSV6gkiqc
Edwin Bonilla,latin pop,track,Cuenta Bien,2002,5uAUdYqKxwofLV0p47ED5Y
Ricardo Arjona,latin pop,track,Mujer de Lujo,2002,3tzN7pMArwfkC2lcPNQyQ5
Shakira,latin pop,track,Moscas en la Casa,2002,0DvW1OmI9N7ikF1yyHGiWr
Enrique Iglesias,latin pop,track,Pienso En Tí,2002,1q7roFQrcvaE8SfIh7gdiA
Shakira,latin pop,track,Un Poco de Amor,2002,6L2b1t7U13zxwDXHWSjHQk
Chayanne,latin pop,track,Baila Baila - Meme's Boriqua Radio Edit,2002,3XnzgERoQSbifUuIAom5n8
Enrique Iglesias,latin pop,track,Tres Palabras,2002,0kPAmxMrDiE7f34YjfRKoV
Los Fachero´s,latin pop,track,Popurri de cumbia,2002,330pauUZZo8hIdcKssZATO
Alejandro Fernández,latin pop,track,Popurrí Boleros,2002,3wkR6JVdtcgv55KRI745Ur
Alejandro Fernández,latin pop,track,Popurrí Juan Gabriel,2002,3bVBAD0ge76WPtwNGx96m2
Alejandro Fernández,latin pop,track,Popurrí Agustín Lara,2002,6a2fmGgwOqHl1hba7fxccu
Raulin Rodriguez,latin pop,track,Olvido / Ahora Seremos Felices - Medley,2002,28g4IGIWnJbrhV253Ftn9J
Sabroso,latin pop,track,Año Tras Año,2002,0m9dxnxcHfFN2ue3HaF6Cr
Los Playeros,latin pop,track,Velocidad Ayudame,2002,7wvGq9W94I8LIW8FN4RH3s
Los Playeros,latin pop,track,Heaven,2002,1OdRQMSMf9g33KMK9NgnvD
Los Fachero´s,latin pop,track,Popurri de cachaca piru,2002,4fUrN0zQgDYBoqE4etfSiX
Los Incomparables De Tijuana,latin pop,track,El Numero Uno,2002,517C3ko96edIA8XMh5nE3R
Los Playeros,latin pop,track,Por Arte de Magia,2002,2TS6RQe5KGeb9zIdgw36kS
Ricardo Montaner,latin pop,track,Suma,2002,52wiF41dm9HxSwyRtpslqA
Banda XXI,latin pop,track,El Mismo Calor,2002,0yQ8WCbJvF4HmrsSYqKqwn
Banda XXI,latin pop,track,Hasta El Sol De Hoy,2002,0VW1hw52s4fQEz8LehbrQz
Andrés Cepeda,latin pop,track,Amor Gitano - En Vivo,2002,2V3DlBF9zxjgy9vBRc0SNQ
La Quinta Estacion,latin pop,track,No Quiero Perderte,2002,1RVFVGBacvM8bcNxmMqVGV
Juanes,latin pop,track,La Paga,2002,4V9F7MamYBlp4EUIqm4poK
Ricardo Arjona,latin pop,track,Señor Juez,2002,3jnEjDfCItCjzM627XfD1H
Juanes,latin pop,track,La Única,2002,2fUy1oHu93MBBlLcGLd9sj
Miranda!,latin pop,track,Mentira,2002,3oxwfJItXS1kLygDRghzaY
Enrique Iglesias,latin pop,track,Suéltame Las Riendas,2002,0KC8dMJ9dnAc9t6Nndpqpq
Los Playeros,latin pop,track,Así Fue,2002,5J0nkHwhddFxg1VTkHA85z
Eydie Gormé,latin pop,track,Quién Será,2002,2Fo0vZOejuefi6JSvd4st3
Mai Meneses,latin pop,track,Vuelve,2002,1ZdVll0cSzltFYWEvt3ds9
Chayanne,latin pop,track,Candela,2002,4c27AuV1gusy4TS3GIPYPo
Chayanne,latin pop,track,Fiesta En América,2002,1H8KC8nA2Tzih6MkpO00o1
Chayanne,latin pop,track,Y Tú Te Vas - Dance Mix Radio Edit),2002,6zKarVXMqbYlxOaJ1hGhHK
Chayanne,latin pop,track,Tu Pirata Soy Yo,2002,0N963YYI8p4NTq4I9fR3xW
Chayanne,latin pop,track,Boom Boom,2002,4XP9YAIhueAUTdwm7VD6Mk
La Quinta Estacion,latin pop,track,Cuando Acaba la Noche,2002,1qnmXSk0cNLzqP2ndZia5n
Bacilos,latin pop,track,Nada Especial,2002,5yeC2v62PZFWwIKlLl6uQB
Amparanoia,latin pop,track,Ella baila bembé,2002,6mQ0nJeRu4oXpQYV66XgoH
Enrique Iglesias,latin pop,track,Mentiroso - Versión Mariachi,2002,6n1eCxU7vkkK0BeUc2fKlG
La Mona Jimenez,latin pop,track,Sé que te enamorarás,2002,0O0IdNHXtowo1mAD1PUlCm
Luis Miguel,latin pop,track,La Chica Del Bikini Azul,2002,1L2TRAA6QJAZTfjDTNQfrP
Juanes,latin pop,track,La Historia De Juan,2002,2eXxTSGMyKLlS7IiPelNo0
Aleks Syntek,latin pop,track,Mis Impulsos Sobre Ti - Remastered 2002,2002,0i0pCRaivPYaX9cK3psmdc
Banda XXI,latin pop,track,Preso,2002,6RIcRRyQZRCVReqwVLFIa2
Juanes,latin pop,track,Fotografía,2002,4nEf53WTmwGn0ABmmGzLkm
David Bisbal,latin pop,track,Corazón Latino - Versión Gala Eurovisión,2002,0vaZfORJRGiglA4vBVU87M
Miranda!,latin pop,track,Agua,2002,2EZwmBwxtpZeAiV7444CSy
Chayanne,latin pop,track,Yo Te Amo,2002,0iQ24T90IeqEzUtmgrj9gj
Ricardo Arjona,latin pop,track,"Quesos, Cosas, Casas",2002,4luGAioQlWOOAPkgjWjBK8
Juanes,latin pop,track,A Dios Le Pido,2002,2TFgo98tlwViHIkTalkFvy
Murga Contrafarsa,latin pop,track,Popurrí 2002 (La Feria),2002,50Zc4olHcloxNVI7yitsRY
Andy Aguilera,latin pop,track,Dime,2002,3GdfhHuhpBBpl4YRvmSNdJ
Shakira,latin pop,track,Tú - En Vivo Without Intro,2002,0UaUxcoHMk7NWE8LkVKnVY
Alejandra Guzman,latin pop,track,Bye Mamá,2002,1aNFo5UENYhKLwFWuXxTEO
La Quinta Estacion,latin pop,track,Cinco Estaciones,2002,0oOLZXRqtoMB4vleSh8bmp
Carlos Ponce,latin pop,track,Mujer Con Pantalones,2002,3XAAUtGbmQN67ud8j1DfxN
Víctor Manuelle,latin pop,track,Nuestro Amor Se Ha Vuelto Ayer (feat. Yuridia) - Balad Version,2002,2nFTPfK2wLzYxfIxsyvyrL
Shakira,latin pop,track,No Creo - En Vivo,2002,2N2yP5pM8VIZHdJR3dENT2
Bacilos,latin pop,track,Odio el Silencio,2002,4Zb9ucITVICKxwIEsQO2Hb
La Quinta Estacion,latin pop,track,Coma,2002,179Jg39ugbWamMkSmNxwrs
Juan Formell y Los Van Van,latin pop,track,Tim-Pop Con Birdland - Live,2002,6Spk2dTC991gsGUEMqMx1F
Salsa Celtica,latin pop,track,El Sol de la Noche,2003,0PAf4n8jN2Jo6QXcqirRVq
Sebastian,latin pop,track,"Movidito, Movidito",2003,4vuAGFx1zODRVkof7x68L5
Ha*Ash,latin pop,track,Odio Amarte,2003,0x6kwMLhwr0w4xjdv6tVqG
Belinda,latin pop,track,Lo Siento (I'm Sorry),2003,0UCUBDg2qDlltWU13Z2TCS
Ricky Martin,latin pop,track,Asignatura Pendiente,2003,4nYE8K5ozd9HNfB2RC8o2c
Belinda,latin pop,track,Ángel - Once in Your Lifetime,2003,46byx3nwRDZwZ0dxPZNs0G
Los Tucanes De Tijuana,latin pop,track,El Águila Blanca,2003,0crJsMs5FmnMHvQG1itkc0
Sin Bandera,latin pop,track,Sirena,2003,1fjB9hdAjlHSS9oH5z63qt
Mauricio & PalodeAgua,latin pop,track,Niña,2003,6hHxqj04s5BbpoNGz25GUm
Julieta Venegas,latin pop,track,Algo Está Cambiando,2003,7mJG18yZGq0aXKWNtK3FQf
Yahir,latin pop,track,Alucinado,2003,3gKm2TjAkLUNpJC1WKOzjX
Chayanne,latin pop,track,Sentada Aqui En Mi Alma,2003,05QhG4JOkDSPh4OsUCAUvM
Sin Bandera,latin pop,track,ABC,2003,0mmMUWiltf5jD93FUp95dF
Ha*Ash,latin pop,track,Estés Donde Estés,2003,7pZzzxLTZepcPfHIHI7JlG
Jimmy Sabater,latin pop,track,Salchicha Con Huevos,2003,3PHOvc52gpS8YcEHDr7vZ5
Julieta Venegas,latin pop,track,Mala Memoria,2003,1etbG9pmtMYEZwlRItSbv0
Ricky Martin,latin pop,track,Jaleo - Spanish,2003,08xZG0V17TQTYT7PDZhyY7
Luis Miguel,latin pop,track,Con tus besos,2003,2hVJZYW7DDLYK8uan3ApQP
Willie Bobo,latin pop,track,Evil Ways,2003,6Gx5k2tGO5UdoiSv3g8R8u
Luis Miguel,latin pop,track,Y sigo,2003,1BsM8HsSqi81X6KUiTl3sE
Chayanne,latin pop,track,Un Siglo Sin Ti,2003,145YOwjGncJQZPKbfol7Xr
Jarabe De Palo,latin pop,track,La flaca,2003,5Q5cOc0UpDGYYaFoaQ99Dg
Sin Bandera,latin pop,track,Amor Real,2003,61rsH7JH62uJcOiPRAOvKY
Chayanne,latin pop,track,Sentada Aqui En Mi Alma,2003,70kfpExtOI8VSUlk4vkxyE
Plastilina Mosh,latin pop,track,Peligroso Pop,2003,5lwPvoxq9H3eAawY4236zP
La Oreja de Van Gogh,latin pop,track,Vestido Azul,2003,0GyksGKFXH50Lx737ahxIq
La Oreja de Van Gogh,latin pop,track,La Paz de Tus Ojos,2003,10px1TLPZC46Q7NGLGlScj
La Oreja de Van Gogh,latin pop,track,Bonustrack,2003,4cq1yyPKv20z2wFJbxmjx6
Latin Dreams,latin pop,track,Quiero una Chica,2003,5SLr9gbC0irFDJQx5gY3p4
La Oreja de Van Gogh,latin pop,track,Deseos de Cosas Imposibles,2003,6CIDsqMEEsBJf5Cv6RbuGw
La Oreja de Van Gogh,latin pop,track,Geografía,2003,0iTJV7IHhkgzWk5x0WgUHy
La Oreja de Van Gogh,latin pop,track,La Esperanza Debida,2003,3HJqWWSjzOu3ARrmo8Mty3
La Oreja de Van Gogh,latin pop,track,Perdóname,2003,1ZQoMVoisNR2UzZ54hWmnl
La Oreja de Van Gogh,latin pop,track,Adios,2003,5bo1oCnwAOAXgehjY4R93w
La Oreja de Van Gogh,latin pop,track,Un Mundo Mejor,2003,1D97lYCc4BewQvoWJTBSr9
La Oreja de Van Gogh,latin pop,track,Tu y Yo,2003,5BDkEEL7UK2JlUwi9I2UfX
Ricky Martin,latin pop,track,Tal Vez,2003,2VspVkHity8i4H9jammhhR
David Bisbal,latin pop,track,Miénteme,2003,4dOHi9ktRjFRAIsMYo4oly
La Oreja de Van Gogh,latin pop,track,Puedes Contar Conmigo,2003,1hbWtHgRDG25DkmxE4I28V
Luis Miguel,latin pop,track,Te necesito,2003,0svWUjefj6RBlIQxA3VCvx
Sin Bandera,latin pop,track,Mientes Tan Bien,2003,072YgF7J2clpY8DsWOpEri
La Oreja de Van Gogh,latin pop,track,Rosas,2003,4waqcUQWdj0yH26STWl2Rq
Julieta Venegas,latin pop,track,Lento,2003,2NsMwNWumJXCdTg2IZCLZ5
Sin Bandera,latin pop,track,Entra en Mi Vida,2003,4W6za66pgH7QBbeiU9kS1v
Michael Bublé,latin pop,track,Sway,2003,2ajUl8lBLAXOXNpG4NEPMz
Luis Miguel,latin pop,track,Eres,2003,1yJUzwqF3PRiQ0KEDy4kYc
Julieta Venegas,latin pop,track,Andar Conmigo,2003,05iMQqncVBIm4AE26EvaTL
Sin Bandera,latin pop,track,Que Lloro,2003,62clthR0fZmLbxeqxVJatQ
La Oreja de Van Gogh,latin pop,track,Nadie Como Tú,2003,4ybdTQiPB5RrbVgRMwlBNk
Gloria Estefan,latin pop,track,Hoy - Spanish Version,2003,2rC1TQ26lYD1PouF63cePN
Grupo Exterminador,latin pop,track,De Parranda Con El Diablo,2003,4m7tY7ExoJLvT3TCLMTbjC
Tranzas,latin pop,track,Dile,2003,0aE5nL6SOAtlf6R7i3L2Dm
La Barra,latin pop,track,Se Nos Fue El Amor,2003,1sbxmS84Y0roWOoUlKySlv
Tru La La,latin pop,track,Mi Cama No Habla,2003,6wcnesWi7KJsghP4vP2fDb
Sin Bandera,latin pop,track,Kilómetros,2003,1AfAFpHJ7s4unBIhe3NM5j
Grupo Exterminador,latin pop,track,El Padre De Todos,2003,5GGDg9pSjL56edWEhwYJbz
Los Tucanes De Tijuana,latin pop,track,El Regreso Del Chapo,2003,4baEwCzla3yCyz21uhOFLp
Latin Dreams,latin pop,track,Vuelve,2003,1QYQaNlkmzIol3BdqFtGqb
Ricky Martin,latin pop,track,Y Todo Queda en Nada,2003,6x0Tz7QnEmjf6Zvxn4UCzS
Banda XXI,latin pop,track,Olvídala,2003,1l3xyA0rIKdin3AKyDyVDj
Mauricio & PalodeAgua,latin pop,track,Canto Caribeño,2003,4xZaDUWSevOPyCFJjhbcDn
Sin Bandera,latin pop,track,De Viaje,2003,0MVNsbQdPOgJRhP24zLbeE
Rey Ruiz,latin pop,track,El Diablo Anda Suelto,2003,71I84KMfgEIrsgvwKDCpuq
Danni Ubeda,latin pop,track,Pídeme,2003,78dpORbomspz2HK64V0i74
Yámana,latin pop,track,Ven A Bailar,2003,5zQjeUSdve9t7QTHmZe7fz
Alexandre Pires,latin pop,track,Sólo Que Me Falta (with Alejandro Sanz),2003,48uSfeEJXoiGXCqkHauSOF
OBK,latin pop,track,Sálvame,2003,6YF5JHpLikEnZRMgG66iar
Belinda,latin pop,track,Vivir - Any Better,2003,4iygID6PWnRGNk9pqBpHE6
Tiziano Ferro,latin pop,track,Perverso,2003,7bL7Yjqj59rlxYPYyk0gt4
Ana Torroja,latin pop,track,"Veinte Mariposas - Sobre la Obra ""Hidden Like a Secret""",2003,0SK2FNUUqi3PnUWfuyAOnJ
Patricia Manterola,latin pop,track,Quédate Conmigo,2003,0D1rwu0tpleftqM7hDdKoh
Enrique Iglesias,latin pop,track,Adicto,2003,7pVDljvUXM0TmkLXUp23G0
Luis Miguel,latin pop,track,Vuelve,2003,1mK6wityZTg1vih9U989hY
Ha*Ash,latin pop,track,Te Quedaste,2003,5sgVRcgRhRsIqn7IkIv7BW
Julieta Venegas,latin pop,track,Oleada,2003,2cIO8gKMYHKe7JjIoictxl
Luis Fonsi,latin pop,track,Yo Te Propongo,2003,14fWFRJIpHZKc0UPnZRHIz
Noelia,latin pop,track,Ya No Eres el Mismo,2003,4QlIXrSgcCiPleD3yQCMC1
Sin Bandera,latin pop,track,Contigo,2003,3KIyNrH4YAwccxJ3kjhz9b
Chayanne,latin pop,track,Caprichosa,2003,0kU4T9oQXxKbwPD5QtFGWm
Bacanos,latin pop,track,Sin Querer,2003,3FCoYa5u9BUPzjZGWQAhqK
Nika,latin pop,track,Ser Yo (Amused),2003,1x868M3RDzRwFvlF1adpT3
David Calzado y su Charanga Habanera,latin pop,track,"Soy Cubano, Soy Popular - Remasterizado",2003,4htj0my1XOuVECDJFjVyGl
Beto Quintanilla,latin pop,track,Las Águilas Andan Solas,2003,6wQjoZ4ffP7cAIfiwldEWZ
Moises Angulo,latin pop,track,Amor De Primavera,2003,0tMrKkpPIPykia6gFqDAni
Tru La La,latin pop,track,Sin Ti,2003,3hJgdd9aREX1gFztdLnjXb
Ha*Ash,latin pop,track,Si Pruebas una Vez (Sin Ti Me Vuelvo Loca),2003,1kWKfzoPVbB4ylkgWqXHc0
Danni Ubeda,latin pop,track,Tu Aire,2003,3wgO9qBBxLfuuDCe7sUfoi
Ana Torroja,latin pop,track,Quien Dice,2003,2Ed8DXXZ8zFcb2xo8wvLeM
Grupo Aliados,latin pop,track,Popurrí - En Vivo,2003,596slheCs79SM8CYyho8lo
Sin Bandera,latin pop,track,Te Vi Venir,2003,3jGGQIDuo8atu7d7iMzWCW
Danni Ubeda,latin pop,track,Bésame,2003,72XuKcde7CguZW7kSKdfzZ
Mauricio & PalodeAgua,latin pop,track,Darte Un Beso,2003,4HWXVoILwalyCfqqQUBWn0
Belinda,latin pop,track,No Entiendo - I Don't Understand You,2003,1Rf4xWEQqgkB0pcUkKr8JK
Ha*Ash,latin pop,track,Soy Mujer,2003,4n0WyBAOl6pXPYfxyD7vA5
Raul Paz,latin pop,track,Chica Mala,2003,3De6nJrPmW6EasrjAOeyDR
Sin Bandera,latin pop,track,Si Me Besas,2003,3CtWF4YeOTbnG1DX7vjUaf
Pepe Aguilar,latin pop,track,Popurri de Caballos: El Alazán y el Rosillo / Caballo Prieto Azabache / El Moro de Cumpas,2003,5kJrIx2ekOb70tsc6KZHqJ
Beto Quintanilla,latin pop,track,Le Compré la Muerte a Mi Hijo,2003,6AtUmPuWWUl0hfs6V8dsa6
Tiziano Ferro,latin pop,track,Quien no tiene talento enseña,2003,1t8awRtOE2j3V3XSd9Smlg
Paco Pineda y Su Grupo Tex Mex,latin pop,track,Popurri 1: La Palma / Hace Un Año / No Volveré / Una Noche Serena y Obscura / Tu Solo Tu / Paloma Sin Nido / Cartas Marcadas,2003,6GYydvCwc0DfmKyZnDqFoa
Beto Quintanilla,latin pop,track,El Rojo,2003,439olvx6C73lDts3E9TQB7
Tiziano Ferro,latin pop,track,Ciento Once,2003,21r3oSqZOsr1P67IdkHkXB
Geno,latin pop,track,Se Me Olvidó Otra Vez,2003,4CFhn9HAvdjx3fMYDVW4f0
Beto Quintanilla,latin pop,track,Escolta Suicida (El Corrido de los Zetas) - Remix,2003,2sKZebrstYwLcXsQBIAIVO
Beto Quintanilla,latin pop,track,El Ultimo Contrabando,2003,06hDJt1VHCJbIAjEsOxziU
Shalim,latin pop,track,Cuarto Sin Puerta,2003,5pgkHRo610eH0TNWh7lNri
Thalia,latin pop,track,Cerca De Ti,2003,40H9GX04paYy9eeqczWw8q
Thalia,latin pop,track,Me Pones Sexy,2003,0SYbiNCKWRg1KSjwPZESXn
Yuri Buenaventura,latin pop,track,El Guajiro Del Monte,2003,1zFt1pbKy2exLOYiGM2ENX
Banda XXI,latin pop,track,Amarte a Ti,2003,2IFHmRtYUOymHhkj669Aeb
Sebastian,latin pop,track,"Movidito, Movidito",2003,544UwvHBrQrKcrZSCUaUZ0
Mauricio & PalodeAgua,latin pop,track,Es Ella,2003,3JeorCawTt0xqjLToCrJkM
Julieta Venegas,latin pop,track,Nada Serio,2003,0xW3OKVhLIKS0b2l32pLIY
Jean Carlos,latin pop,track,No Me Cambies,2003,48s0CE5IwRLaDbaxAwF80j
Chayanne,latin pop,track,Santa Sofía,2003,6oSR1kPxzwO5ZwglehpxQR
Obie Bermudez,latin pop,track,4:30 A.M.,2003,4sYZ0zZ82FkCvhNzPw8gh2
Julieta Venegas,latin pop,track,A Tu Lado,2003,29kSigSqn99tlS4cqDBU2N
Ricardo Montaner,latin pop,track,Republica de la Alegria,2003,0F9yqrK8s0vh411EB3tF7T
Ricky Martin,latin pop,track,Nadie Más Que Tú,2003,0qk6JHF2K9KXN5r4H5kRbG
Ana Torroja,latin pop,track,Me Basta Con Creer (Mes prieres),2003,0lBCBsGhVuUHuxUYhskitc
Luis Fonsi,latin pop,track,Eso Que Llaman Amor,2003,7ADWbhSmsDqP52AulFswPc
Tiziano Ferro,latin pop,track,13 años,2003,4AYimjkk4DiLQUTe2r9g2V
Chayanne,latin pop,track,Un Siglo Sin Ti,2003,4heMVlRdkg842c7Twgv3yk
Qarto Aparte,latin pop,track,El Cuadrito,2003,7a7sbJvrEhglFpemz2HaT8
Julieta Venegas,latin pop,track,Alguien,2003,5KJPw8gTHLMihWwgBn8F0R
La Barra,latin pop,track,Tempestad,2003,39921colQh3WQIJJgAhjAu
Wakal,latin pop,track,Instrucciones Para Soñar,2003,7C8kVpsv295d4Ox1hgK8Nd
Andrés Cepeda,latin pop,track,Emborráchame de Amor,2003,6RNdrcE0OuAkHJBpFQo0YD
La Mona Jimenez,latin pop,track,Tu,2003,2Dj2eUfuYUh7YGJh1VfCMG
Michael Bublé,latin pop,track,Sway - Junkie XL Mix,2003,2y6NyYU50K5x4jl8jscDEP
Los Playeros,latin pop,track,Nada Quedara,2003,12ekV52KMsLrj9nnFYvJH0
Julieta Venegas,latin pop,track,Lo Que Pidas,2003,4CXOyz4BQCa34Q2dB5kZ4i
Wakal,latin pop,track,Show Merolico,2003,22xn8JEdqX2fiWQq0n5rR0
Chayanne,latin pop,track,Quédate Conmigo,2003,7zJ3JijTc1DfhD2NcbuwAJ
Cabas,latin pop,track,Bolita De Trapo,2003,1WN60t0Q63H6RyG8wLmMcN
Tiziano Ferro,latin pop,track,En el baño al aeropuerto,2003,1zTDAdxb312aTyp4yWHAEn
Melody,latin pop,track,T.Q.M.,2003,5aoKGpfrKHzSDUZH15hJTA
Ricky Martin,latin pop,track,Juramento,2003,0vgWziG6QHPC7DJZlSRPUJ
Banda XXI,latin pop,track,Tú Eres Ajena,2003,4WX9ReCXGTjRzo0SMJrSOg
Thalia,latin pop,track,"Mujer Latina - Remix ""Espana""",2003,6m7qGQUnsp3Xjytl4QiheQ
Jeremías,latin pop,track,Lo Que Yo Quiero,2003,2AoQ4PybwUg2Y5W07LCJHJ
Ricky Martin,latin pop,track,Besos De Fuego,2003,3saQAaDkVqigdYEltGcrOZ
La Fiesta,latin pop,track,Hoja en Blanco,2003,1ivmWVwLVZ2cgwywZjaRPk
Julieta Venegas,latin pop,track,Donde Quiero Estar,2003,53QBpomLtMXGVy6NHyFCbt
Grupo Exterminador,latin pop,track,El Verde De Guanajuato,2003,1MPFqNw9ES4plRtuWQBIIe
Papá Levante,latin pop,track,Sabor A Chocolate,2003,0o5MDtmKCs0E4YmkvpxqZm
Tiziano Ferro,latin pop,track,Mi abuela,2003,7b3yV0BzydUNODHckB89jw
Wakal,latin pop,track,Terraza Mantel,2003,75G24KBD52hdLDz6SrNcAW
Paco Pineda y Su Grupo Tex Mex,latin pop,track,Popurri 2: Ella / Que Suerte la Mia / Ya Viene Amaneciendo / Entre Copa y Copa (Penas del Alma) / Yo,2003,5rfhVKiUe1i8JSAg13tZer
Sin Bandera,latin pop,track,Puede Ser (with Presuntos Implicados),2003,5yqDH980agsZxPisBtQ9U0
El Cuarteto De Nos,latin pop,track,El Putón del Barrio,2004,6bkS2A8F8K373vYIt6SWa2
RBD,latin pop,track,Otro Día Que Va,2004,7FJThvbD5d8OIIbU9eNLGB
LU,latin pop,track,Por Besarte,2004,4q88IbAn47f7GCQIFhbYkL
Diego Torres,latin pop,track,Usted (feat. Vicentico) - MTV Unplugged,2004,08llaN4Lh6GCfd9aHInwB2
El Cuarteto De Nos,latin pop,track,Ya Te Vas a Mejorar,2004,5yZrqpe6JRhxBIE4IyUZSi
Miguel Bosé,latin pop,track,Olvídame tú,2004,0SxwhOX4K9JTlCgG9v5h4I
Diego Torres,latin pop,track,Sueños (with Julieta Venegas) - MTV Unplugged,2004,1NuWMB7R2FHid46XQYkFUV
La Oreja de Van Gogh,latin pop,track,Un Mundo Mejor,2004,26rh77CQGjN9QQ8YZnLDEs
Bacilos,latin pop,track,Guerras Perdidas,2004,4qiAuVrtmUpoJ33xsSWZi2
La Oreja de Van Gogh,latin pop,track,La Chica del Gorro Azul,2004,1aEsjwEVEQg9CD4EqqIrqT
Juanes,latin pop,track,A Dios Le Pido,2004,5dQVYFtcLA4pvTRiTFRFkC
Alejandro Sanz,latin pop,track,No es lo mismo,2004,6p7KLIvLhnACzXHuUi00zs
RBD,latin pop,track,Un Poco De Tu Amor,2004,64mK5Yd0rdGeXVkMFspEyt
La Oreja de Van Gogh,latin pop,track,Geografía,2004,4BV3QsNcVZcQRgWvnMeo8f
La Oreja de Van Gogh,latin pop,track,Nadie Como Tú,2004,1Xc6PLinBpFVw3jfCIWZG4
Marc Anthony,latin pop,track,Valio la Pena,2004,4mo2xJDIowOAtncj2635dr
Juanes,latin pop,track,La Camisa Negra,2004,2ZmCYW6bxYtvkthFexIFXL
Alejandro Sanz,latin pop,track,Eso,2004,62RF0gTFUbT6NXjYK8Q7R0
David Bisbal,latin pop,track,Desnúdate Mujer,2004,3ejAp9RPO0vzqmq1htIY27
Laura Pausini,latin pop,track,Escucha atento,2004,6iN0pAMMz0IP7ozNBuMXL3
Alejandro Sanz,latin pop,track,He sido tan feliz contigo,2004,3g6hBXeGQfyk9VP3WtJVHg
La Oreja de Van Gogh,latin pop,track,Deseos de Cosas Imposibles,2004,2wDvGnrOjQOZjXy34QFhlI
Alejandro Sanz,latin pop,track,Amiga mía,2004,73MuQb9jIoryiOig4hDQhT
La Quinta Estacion,latin pop,track,El Sol No Regresa,2004,2awKQgW88iq9jFM54VaCAp
RBD,latin pop,track,Enséñame,2004,3eo3Dw5OGSWCzJDVHLKE3v
Bacilos,latin pop,track,Pasos de Gigantes,2004,5cfyheAkmqThtjovwfQnD4
Gloria Estefan,latin pop,track,Hoy - Spanish Version,2004,0gwq583qFgPczMTFBCB9wu
Ricardo Arjona,latin pop,track,La Mujer Que No Soñé,2004,0Syf22EZIr7dCqL6Vua7bb
Franco De Vita,latin pop,track,Si la Ves (feat. Sin Bandera),2004,7xVEvr9wPXLPU286pCfYM3
Alejandro Fernández,latin pop,track,Canta Corazón,2004,3npbtkmTdUlRxGFxViDD0K
Paulina Rubio,latin pop,track,Te Quise Tanto,2004,1jhiZdK5oeY97rc3nu2YRO
Juanes,latin pop,track,La Camisa Negra,2004,2EM9zpAc7PVeoAydmbfVIL
RBD,latin pop,track,Rebelde,2004,56tOMi4N980gmsdUoyaLb3
RBD,latin pop,track,Sólo Quédate En Silencio,2004,2RJ1fg4qf2vgZKifTa4HgA
David Bisbal,latin pop,track,Oye El Boom,2004,2NX7IEg90aAZ4s3LK0Ebso
Juanes,latin pop,track,Nada Valgo Sin Tu Amor,2004,6QdwofpqDvvNxX88C9A0iQ
Juanes,latin pop,track,Para Tu Amor,2004,2quTytCTP9kKLvpveyO1mt
La Oreja de Van Gogh,latin pop,track,La Playa,2004,6RRATGxmfuG7yESPXfdysv
Franco De Vita,latin pop,track,Tú de Qué Vas,2004,66iygyOSvvoQQsKJ1vEXfT
La Oreja de Van Gogh,latin pop,track,Puedes Contar Conmigo,2004,3xQbgIqO1tmJMAz91CRiCK
RBD,latin pop,track,Sálvame,2004,3hbTkJ0yFzHbawnKyhvTQj
Alejandro Fernández,latin pop,track,Qué Voy a Hacer Con Mi Amor,2004,5JpOkusDXbxrcPj1Kd0O2Q
La Oreja de Van Gogh,latin pop,track,Rosas,2004,06p2Ij0lXD45LODQDCov0u
La Quinta Estacion,latin pop,track,Daría,2004,6zvh1pH7PwIib64b6uv7kT
Aleks Syntek,latin pop,track,Duele El Amor,2004,0oXLSuno5adlHcPzlzs8l6
Alejandro Sanz,latin pop,track,Regálame la silla donde te esperé,2004,1AUCKj7EyNoPRh4ZjDDo33
Alejandro Sanz,latin pop,track,No es lo mismo,2004,46jk84phtAjBnxFHZEy84d
Juanes,latin pop,track,Volverte A Ver,2004,2ZqFfDwNjKvPu3USx3onhO
Alejandro Fernández,latin pop,track,Me Dediqué a Perderte,2004,4NUt1fcnO9aQAELBgXq3Kr
La Quinta Estacion,latin pop,track,Algo Más,2004,3bJBWsVNUJ3hOIO6lQUKCj
RBD,latin pop,track,Santa No Soy,2004,5TsOI5oLN3PJexyp5jlspK
Marc Anthony,latin pop,track,Tan Solo Palabras,2004,0mUKppNt7UrwzGyiBdIq0w
La Quinta Estacion,latin pop,track,Niña,2004,6vNsiAMrtK7eEqK11F35ie
RBD,latin pop,track,Fuego,2004,5QIA7Vtt3RDf5mCaOlvHkn
RBD,latin pop,track,Futuro Ex - Novio,2004,6adofcKuKjIl78iwvWF5MM
Benny,latin pop,track,Si puedo volverte a ver (feat. Miguel Bosé),2004,0ElwdC8mGxdgJt2rxzTvTh
Aleks Syntek,latin pop,track,Te Soñé,2004,7odYiArHz46LerX6TlA4Se
Ricardo Arjona,latin pop,track,Asignatura Pendiente,2004,1k4LSYdds7X7JHXm5l9YkL
David Bisbal,latin pop,track,Ángel De La Noche,2004,5D0GpTI7ZcXjvCjwNCdLAE
La Quinta Estacion,latin pop,track,Flores de Alquiler,2004,2RLs2RDkWAELmu2m4CCZ3i
RBD,latin pop,track,Tenerte Y Quererte,2004,3YxD0wSTC9vw2EXsSOmUsp
Alejandro Sanz,latin pop,track,Tú no tienes alma,2004,47fv6verXe281dwrieoXNb
David Bisbal,latin pop,track,Amores Del Sur,2004,6qBqd6FnHbgrUo6Lwwv5qY
Juanes,latin pop,track,Lo Que Me Gusta A Mi,2004,722QPOI0pGJJ0Y0P6ETzgE
La Oreja de Van Gogh,latin pop,track,Puedes Contar Conmigo,2004,0UOYTWUp9EzsMRuN3R726V
Alejandro Sanz,latin pop,track,Tú no tienes alma,2004,7vtGe84FPFUBZXgFL3qU80
Miranda!,latin pop,track,Otra Vez,2004,7qFqxv04IUW1Dl7zENBanI
La Oreja de Van Gogh,latin pop,track,Vestido Azul,2004,2A9OVCfZ7DyR8Tbbx6QYU5
Alejandro Sanz,latin pop,track,Eso (con Omara Portuondo),2004,64q6PkxYZoPTKLA5jqKCnw
Alejandro Sanz,latin pop,track,Try to Save Your Song,2004,5KFjCHwhDtMc3IGSp2pUFE
Alejandro Sanz,latin pop,track,Eso (con Omara Portuondo),2004,7FCWUTYkWzXDmAOLgBCt5r
Alejandro Sanz,latin pop,track,Labana,2004,5WrsGGxXGTcfSNEg12Tjoj
David Bisbal,latin pop,track,Condenado A Tu Amor,2004,0aewbUQn03XYBznx3rx58o
La Oreja de Van Gogh,latin pop,track,20 de Enero,2004,6KOouWEVoXKdahdq67E6l2
Alejandro Sanz,latin pop,track,Mi soledad y yo,2004,0HF2v0OhCB24qGiHpoSuNv
Juanes,latin pop,track,Volverte A Ver,2004,0YBS01GBwIR9SrNeyuwRzS
Carlos Vives,latin pop,track,Como Tu,2004,5E4Y7yOBPNAYgVfKtVC4yr
La-33,latin pop,track,Que Rico Boogaloo,2004,3a6n2q7NcrAwgrZT3UOW1K
Marc Anthony,latin pop,track,Nada Personal,2004,3AoFNt08UsYBgx79I0MWGQ
Diego Torres,latin pop,track,Déjame Estar - MTV Unplugged,2004,2xCrInD5F9vbWn6DbpHkYc
Alejandro Sanz,latin pop,track,Hay un universo de pequeñas cosas,2004,6YsRE9a2aLFnfZZaEEpJXE
Alejandro Sanz,latin pop,track,Mi soledad y yo,2004,1ndQ68B7Djn7fCNWVWB7i7
La Oreja de Van Gogh,latin pop,track,Paris,2004,01Fk6q7uXnqI0Y4NFJUryc
Miranda!,latin pop,track,Tu Gurú,2004,5F54iA5AW7Z689lKdwopeR
La Oreja de Van Gogh,latin pop,track,Rosas,2004,6FbmE90ZTbhFt7X6HnhUQF
La Oreja de Van Gogh,latin pop,track,Deseos de Cosas Imposibles,2004,0ZEAesL0DVQT336lJUBJJN
Thalia,latin pop,track,Mujer Latina,2004,4jNQhO0UX7rwoJ1dqDrH7x
Obie Bermudez,latin pop,track,Todo El Año,2004,4M4vvuqJEQSD0qAeAHwOhW
Alejandro Sanz,latin pop,track,Al olvido invito yo,2004,6YN6Mf2Fj9GPviVWcMW9ry
Marc Anthony,latin pop,track,Valio la Pena,2004,3Ll4D5HXvICXck8KmOjytI
Marc Anthony,latin pop,track,Tan Solo Palabras,2004,1qAFUcEybCAVRLsKDtDGeS
Marc Anthony,latin pop,track,Tu Amor Me Hace Bien,2004,4o3afy7JwsN7bT7V163y77
La Oreja de Van Gogh,latin pop,track,Paris (with Pablo Villafranca) - Versión Francés-Español,2004,3S2MTEYXzAu1YnTmdKWmeW
La Oreja de Van Gogh,latin pop,track,Cuídate,2004,4b3v2nTkIAeA2PRaxGn7iT
Marc Anthony,latin pop,track,Valio la Pena,2004,61Si0tGeB2zPc1izkQqNFK
Alejandro Sanz,latin pop,track,He sido tan feliz contigo,2004,0HLYWcZ9LWMqPZkDU98Rn2
Lucas Arnau,latin pop,track,Te Doy Mi Vida,2004,2WveHlo9BiLG3ppkjpd3Mc
David Bisbal,latin pop,track,Se Acaba,2004,6hqB6tQAxp0s17hqi9Edhw
Alejandro Sanz,latin pop,track,"Hoy llueve, hoy duele",2004,019vPwvFzMcpHDgr6YWGHF
Alejandro Sanz,latin pop,track,Cuando nadie me ve,2004,2263Za725p6KB7tvrCnid8
Yahir,latin pop,track,"Fue Ella, Fui Yo",2004,314OH7x27DDjtU21dRIF06
El Cuarteto De Nos,latin pop,track,Siempre Que Escucho al Cuarteto,2004,6NCMEe7WwY9jHhrmS6yaa4
Alejandro Sanz,latin pop,track,Cuando sea espacio,2004,29CUQ54IevLHJh3SndJ8ig
Yahir,latin pop,track,La Locura,2004,5HSoliYp4FmKDilRXndbc4
Laura Pausini,latin pop,track,Bendecida pasión,2004,69VDiAdbv6lBe6wrt6lWKw
El Cuarteto De Nos,latin pop,track,Nuevamente,2004,6pGRpIR7gCY1NHex1RMzJj
Gloria Trevi,latin pop,track,En Medio de la Tempestad,2004,5Zcq8fZROyqTF4ZiXY34dD
El Cuarteto De Nos,latin pop,track,Hay Que Comer,2004,5DRQ4gbV0G3ZlCoNStk3CS
Diego Torres,latin pop,track,Alba - MTV Unplugged,2004,49Hr5xjDrubj3vbcPZxy0v
Nek,latin pop,track,Tan sólo tú,2004,0TJMko4Zni495bkLmRfIIq
LU,latin pop,track,Duele,2004,4cXP8UHgLCiUJklEvn0GzO
Thalia,latin pop,track,Rosalinda,2004,3XUbB4gN19myV1W4YTNDo9
Juanes,latin pop,track,Rosario Tijeras,2004,3KiY1ajjwnwgAHiQ5yTdLg
Thalia,latin pop,track,Piel Morena,2004,2SskegvRkUbZA6HgOxpkdf
Ricardo Arjona,latin pop,track,Tu Reputación,2004,6OHqkcrmvJZwx03exDdBBB
Juanes,latin pop,track,No Siento Penas,2004,3zp8biuxpZSXqkDXAX6StU
Marc Anthony,latin pop,track,Tu Amor Me Hace Bien,2004,0ixBhpW2XGXy8AW0zyzz2X
Alejandro Sanz,latin pop,track,Sandy a orilla do mundo,2004,0jzqi84HUW5ultbwoU3bcL
Alejandro Sanz,latin pop,track,12 por 8,2004,0dTJZki1VPSGv1uGc68YMP
Alejandro Sanz,latin pop,track,Lo diré bajito,2004,4Q1yzEWttfhRSt8ycUd69e
Paulina Rubio,latin pop,track,Algo Tienes,2004,2shJJPoWxqqLNtURSCqssE
KEMA,latin pop,track,Obsesión,2004,4Yi2EORRADoOYTeC9VFcGF
Miranda!,latin pop,track,Hoy,2004,6yhq0PREHgZSj124V9P5Ck
Miguel Bosé,latin pop,track,Habana (con Alejandro Fernández),2004,2qnSc14v8T5YSqNeeZls4k
La Oreja de Van Gogh,latin pop,track,Adios,2004,4gIO0XSOySCvQIpErBxKW8
Miranda!,latin pop,track,Don,2004,4q7gVEuLB1FtIaxGYccUFy
Alejandro Sanz,latin pop,track,The Hardest Day (con the Corrs) - con The Corrs,2004,7kE5G6kY2xeHCsI0u5K9iL
El Cuarteto De Nos,latin pop,track,Al Cielo No,2004,0V9LO4uDKotfWFzKGgNPD8
LU,latin pop,track,Una Confusion,2004,5HSZXCBwRb5yq6UJDDhTWH
Miranda!,latin pop,track,Yo Te Diré,2004,41LBp3sMgY9s0WLxq1jKgl
La Quinta Estacion,latin pop,track,Rompe el Mar,2004,6778f9XcDUvMzh4RbtnF52
Alejandro Sanz,latin pop,track,La fuerza del corazón,2004,5czwK73l3ctTqnPe3MSuF4
Lucas Arnau,latin pop,track,De Rodillas,2004,2zU5muwQZ8Ni7k7ZkGhIlZ
La Oreja de Van Gogh,latin pop,track,Cuídate,2004,7N1HIj8c92rlpqKk3zh3C8
Juanes,latin pop,track,Nada Valgo Sin Tu Amor,2004,1mdpBBXQ9hnqofSdmxaL83
Lucas Arnau,latin pop,track,Ay Doctor,2004,2z7x1Fmu2lwGh56gPLp2i2
La Oreja de Van Gogh,latin pop,track,Un Mundo Mejor,2004,0xRgSsNhwxbaEpEYx2n39e
Los Palmeras,latin pop,track,La Bestia Pop,2004,6Q7wf7TbDDOEFR1YBoZ5Pq
La Oreja de Van Gogh,latin pop,track,Vestido Azul,2004,3tG93MP42v2eTGiFeh6kp2
Diego Torres,latin pop,track,Cantar Hasta Morir - MTV Unplugged,2004,07lL8FiQIjIfNjy45xQZ0l
Alejandro Sanz,latin pop,track,Try to Save Your Song,2004,1NwxJso9p6E0Spl8EQcmVL
RBD,latin pop,track,Cuando El Amor Se Acaba,2004,50y4eCnuuWIhJl5uuCqVa5
Paulina Rubio,latin pop,track,Dame Otro Tequila,2004,2ALUO96Dnh2CIpV1MKe8ho
Ricardo Arjona,latin pop,track,Desnuda,2004,5WVsQTW7BE1ClEDCmDKzci
Marc Anthony,latin pop,track,Tu Amor Me Hace Bien,2004,43yGkdvnqGxd9Rycq4Nzoq
Carlos Vives,latin pop,track,La Maravilla,2004,5Jivv7trOtgHlnaNAiPEnN
Alejandro Sanz,latin pop,track,El alma al aire,2004,7s4ggtq4icIPCo9wLk5vss
Franco De Vita,latin pop,track,Ay Dios,2004,0Sd0bKypMwcUTUgHH9TCov
Damas Gratis,latin pop,track,Popurri / El Ganador - En Vivo,2004,2vVQgTGlENx1znBphTIX3Z
Alejandro Sanz,latin pop,track,Y sólo se me ocurre amarte,2004,3zvnloMEkCiIFRsZDUJPaW
