,Artista,Género,Tipo,Nombre,Año_Lanzamiento,ID_Spotify
0,Five For Fighting,rock,track,Superman (It's Not Easy),2000,3TwtrR1yNLY1PMPsrGQpOp
1,The Smashing Pumpkins,rock,track,Stand Inside Your Love,2000,3RciEQxS7PxtLqMs7OwRsU
2,The Beatles,rock,track,Day Tripper - Remastered 2015,2000,29b2b96jozyD9GPCkOrVLs
3,Deftones,rock,track,Passenger,2000,7IoK6jZBxY7NMoQPoPXZCF
4,Panchiko,rock,track,D>E>A>T>H>M>E>T>A>L,2000,4sIFi8LpJWPvI5xviWFyA6
5,Radiohead,rock,track,The National Anthem,2000,4Wgj6jzoI2gYlumXdYAB8U
6,La Mosca,rock,track,Yo Te Quiero Dar,2000,6OIC1huIZ1u93ymLNR4got
7,Marilyn Manson,rock,track,Disposable Teens,2000,07YoPdPfhQ62iNztZvOlDY
8,Marilyn Manson,rock,track,The Nobodies,2000,1x8sna2LV8WQ38NEtN5X46
9,Patricio Rey y sus Redonditos de Ricota,rock,track,Una Piba Con la Remera de Greenpeace,2000,6xxyN0K6opVJWMdQykqXQ7
10,Bersuit Vergarabat,rock,track,Toco Y Me Voy,2000,0NELwHhQu4EVcmGmu8D7vV
11,Deftones,rock,track,Digital Bath,2000,2jSJm3Gv6GLxduWLenmjKS
12,Richard Ashcroft,rock,track,A Song For The Lovers,2000,7a90gal9tr3yS8bEXUvu8D
13,Rage Against The Machine,rock,track,Renegades Of Funk,2000,5YBVDvTSSSiqv7KZDeUlXA
14,U2,rock,track,Walk On,2000,3pUWV5hvXsI9diJ9TeNeCh
15,Divididos,rock,track,Spaghetti del Rock,2000,6rg1MBZqggsQ5olFGTw0rr
16,Eric Clapton,rock,track,Riding With the King,2000,0U6wNkZaQUTBrCLbhbbRgS
17,Radiohead,rock,track,Idioteque,2000,1W5XugQJGhnSATMI5n002M
18,Radiohead,rock,track,Motion Picture Soundtrack,2000,4SrRrB27n7fiRkQcPoKfpk
19,The Beatles,rock,track,Hey Jude - Remastered 2015,2000,0aym2LBJBk9DAYuHHutrIl
20,Radiohead,rock,track,Optimistic,2000,1FoUsSi9BCTlNt2Vd7V8XA
21,U2,rock,track,Elevation,2000,4BC2WQKrZdqMX6rHsvVbUy
22,U2,rock,track,Kite,2000,4Wjaa3vx2BiLGF01AZMlHb
23,La Unión,rock,track,Lobo-hombre en París,2000,3M1H1CWjrSq7nxABHc8EXv
24,Mark Knopfler,rock,track,Silvertown Blues,2000,6QGJ6M3Mubu8r8QtHVK5kb
25,Mark Knopfler,rock,track,What It Is,2000,65f8Ca4HbZCMLhpZPTHW4O
26,O'Funk'illo,rock,track,En el campito,2000,2wnI6uz62Zbs3R1V4DqN6i
27,The Hives,rock,track,Main Offender,2000,6HAIJiZ3FGzWs5qREm9viG
28,Radiohead,rock,track,Everything In Its Right Place,2000,2kRFrWaLWiKq48YYVdGcm8
29,Mägo de Oz,rock,track,Haste Que El Cuerpo Aguante,2000,5Q2uU5NGcS0mKwmgF28kRZ
30,The Hives,rock,track,Hate To Say I Told You So,2000,20j7B6mL9gnNvG3ic6Vwh5
31,La Mosca,rock,track,Para No Verte Más,2000,19CmuECYssqkPWANF4nLWM
32,Crazy Town,rock,track,Butterfly,2000,4BggEwLhGfrbrl7JBhC8EC
33,Radiohead,rock,track,How to Disappear Completely,2000,2rtGaCAeYtmcIvuZsvgTf6
34,Mägo de Oz,rock,track,La danza del fuego,2000,0dQPkfweyWDzZ20Auq3F14
35,The Beatles,rock,track,I Want To Hold Your Hand - Remastered 2015,2000,4pbG9SUmWIvsROVLF0zF9s
36,Deftones,rock,track,Change (In the House of Flies),2000,51c94ac31swyDQj9B3Lzs3
37,Linkin Park,rock,track,One Step Closer,2000,3K4HG9evC7dg3N0R9cYqk4
38,Linkin Park,rock,track,Papercut,2000,1Vej0qeQ3ioKwpI6FUbRv1
39,Mägo de Oz,rock,track,Fiesta Pagana,2000,02dphTJYUQ9pmdNC52iyOz
40,AC/DC,rock,track,Stiff Upper Lip,2000,1KBuhAHzia2qoD4u6YhvER
41,Spandau Ballet,rock,track,True - Single Edit,2000,6eDYgjKl4vUgRusxb7THDu
42,Spandau Ballet,rock,track,Gold,2000,2X9fsxb6O6bYEopJYmUbNC
43,Blur,rock,track,Song 2,2000,3GfOAdcoc3X5GPiiXmpBjK
44,Linkin Park,rock,track,Crawling,2000,57BrRMwf9LrcmuOsyGilwr
45,U2,rock,track,In A Little While,2000,1NBf3nsIIaBTikQzV5hICg
46,Bon Jovi,rock,track,It's My Life,2000,0v1XpBHnsbkCn7iJ9Ucr1l
47,Linkin Park,rock,track,In the End,2000,60a0Rd6pjrkxjPbaKzXjfq
48,Blur,rock,track,Girls & Boys,2000,5CeL9C3bsoe4yzYS1Qz8cw
49,Papa Roach,rock,track,Last Resort,2000,5W8YXBz9MTIDyrpYaCg2Ky
50,The Beatles,rock,track,We Can Work It Out - Remastered 2015,2000,1hTUFqJuQAMjXVGwUPWDqi
51,Divididos,rock,track,Par Mil,2000,0wUFXsXHZc2h6wKRcmJNWF
52,La Mosca,rock,track,Baila Para Mi,2000,2vwJC3c69M9B8WJpVUoKix
53,Deftones,rock,track,Rx Queen,2000,6HgrJfzfj9WRBABdussy8z
54,Los Piojos,rock,track,Vine Hasta Aquí,2000,7LOkbiMpnZYbybdWuv7S4U
55,Bersuit Vergarabat,rock,track,Desconexión Sideral,2000,2vAwpcT3V607tEib9booQZ
56,The White Stripes,rock,track,Apple Blossom,2000,5Z10YWrfpP2UAUwmmHIR8y
57,Blur,rock,track,The Universal,2000,0qmCWYu7hOvriyuqXfPw7I
58,Libido,rock,track,En Esta Habitación,2000,1gAB76RAMN8sZl0PjKyqXA
59,Blur,rock,track,Parklife,2000,3mqRLlD9j92BBv1ueFhJ1l
60,The Smashing Pumpkins,rock,track,The Everlasting Gaze,2000,4EhbLHYOXzEoPmOfaVoIIW
61,Spandau Ballet,rock,track,Only When You Leave,2000,25OUeDZIDX1UIQlsrWcCgc
62,Bersuit Vergarabat,rock,track,La Bolsa,2000,0C3PenkD2aq1IdDFkJcA0x
63,Panchiko,rock,track,Kicking Cars,2000,6Cgj4eBFnYmPJcOcdCvnzr
64,A Perfect Circle,rock,track,The Hollow,2000,4XDBEoD6QFnzDY5oMmNVXN
65,Bersuit Vergarabat,rock,track,El Viejo De Arriba,2000,3o7JIm9joSI1pFRPKYGOxw
66,Lifehouse,rock,track,Hanging By A Moment,2000,6jWLyg8AuMQ9LtIB2UlfOF
67,Los Caballeros De La Quema,rock,track,Sapo de Otro Pozo,2000,1g0mhq4ZDQE3cTd1XLcYVf
68,Andrés Calamaro,rock,track,Tuyo siempre,2000,19M7JUanz4rwqXvVp050nh
69,Rage Against The Machine,rock,track,How I Could Just Kill a Man,2000,4K1DB7EedHPuVnhVrnvf2U
70,Deftones,rock,track,Feiticeira,2000,0FpYnuKYFJXHAmHbS1CycY
71,Blur,rock,track,Country House,2000,4vnYwFOZCVl0bmerWyuzRw
72,Linkin Park,rock,track,Papercut,2000,4HvcbAR8LisalXKt7cpqE1
73,A Perfect Circle,rock,track,3 Libras,2000,5kHkaBN8OEQlmXfQkACxSt
74,System Of A Down,rock,track,Shame,2000,44go3ZmDNtKdfCc15IseAx
75,Cómplices,rock,track,Es por Ti,2000,2vcj4d4TpiyWqMbdRu4j6u
76,Los Piojos,rock,track,Ruleta,2000,2tWlLCwEN7slVfcPjemDYJ
77,PJ Harvey,rock,track,This Is Love,2000,04Glred2wGdSNH11Qh4EDe
78,Eric Clapton,rock,track,Three O'Clock Blues,2000,6lWxIJH0CyUtmFaIAeVmTQ
79,Placebo,rock,track,Slave to the Wage,2000,493r2DTRhYUzsy90HauADi
80,Radiohead,rock,track,Treefingers,2000,4LrfsgQ5AGouvH3PlxW2PC
81,Linkin Park,rock,track,One Step Closer,2000,4bYLTrlcqctyHck3fjhMgW
82,Cypress Hill,rock,track,(Rock) Superstar (feat. Chino Moreno & Everlast),2000,5hYr8yRbQLFE20oS7Mi3T2
83,Radiohead,rock,track,In Limbo,2000,0xivCtzVVrdeq32s8EnOO6
84,Radiohead,rock,track,Morning Bell,2000,4h37RgtBg9iynN3BIL5lFU
85,Eric Clapton,rock,track,Key to the Highway,2000,1a0CDu5jpwW2arT34HbwUP
86,Oasis,rock,track,Go Let It Out,2000,7kFbTUR31qyzrjjary7llr
87,Andrés Calamaro,rock,track,El salmón,2000,2V5u0carsWhw0Hxk0bWeb3
88,Panchiko,rock,track,Laputa,2000,2zYBRyHAy6dv1wb53JXFD7
89,Deftones,rock,track,Knife Prty,2000,42Kv1RoTAm09FeytxiuZIB
90,Andrés Calamaro,rock,track,"Ok perdón, fue sin querer",2000,51UZZjRqIOauV0AlfL2Y7b
91,O'Funk'illo,rock,track,Riñones al Jerez,2000,7FbEcyRYlaGW5XToW9nrvi
92,La Unión,rock,track,Sildavia - Remix,2000,0Npau6AjbgAWnrQucfDpjJ
93,Andrés Calamaro,rock,track,No se puede vivir del amor,2000,33uYlkI8CliIYMnRYMMAcz
94,La Ley,rock,track,Aquí,2000,4aDtCVcQCkR7zYa8jwLciP
95,Radiohead,rock,track,Kid A,2000,3QDahKSqLwYJYQRbILdzS6
96,Juanes,rock,track,Fijate Bien,2000,3wE4fvPhhScUAhY37TDc1D
97,Eric Clapton,rock,track,Ten Long Years,2000,2bykT1h4Tb2Scaw0QcqYBA
98,Mark Knopfler,rock,track,The Last Laugh,2000,0L0ZMvbuTdBucckpeNBRK5
99,Mark Knopfler,rock,track,Sailing To Philadelphia,2000,5N6GzBkdnHcaH96R6aJQHm
100,La Renga,rock,track,Panic Show,2000,7ao7jtJIMzppW0p1CwEJ9Q
101,Deftones,rock,track,Pink Maggit,2000,0FrT8a39eo6siL1yIxVGTP
102,The Beatles,rock,track,I Feel Fine - Remastered 2015,2000,5hhF25sWnZvXhimOHLjTRE
103,Los Auténticos Decadentes,rock,track,Besándote,2000,7DGheVqzFkCSKEDocTGH2E
104,Blur,rock,track,Charmless Man,2000,1lYOlG9ZNtz5p3eSgnMn0Z
105,Oasis,rock,track,"Don't Look Back In Anger - Live at Wembley Stadium, July 2000",2000,1WR8PN5OL76TPvGcYWAKr7
106,The Beatles,rock,track,The Ballad Of John And Yoko - Remastered 2015,2000,1F7s27lLKshLPt9TPCgMDL
107,Oasis,rock,track,Sunday Morning Call,2000,6foXkrv79wyo9RMfZIMB6z
108,La Ley,rock,track,Fuera De Mí,2000,6seAlnU97UJtaWFWZAVUwW
109,Deftones,rock,track,Korea,2000,7cYKGj2j9AWNwQukTl2Jev
110,Deftones,rock,track,Teenager,2000,3JVtnUPy4JhlbhQnfzw85l
111,Oasis,rock,track,Where Did It All Go Wrong?,2000,6NxShcnsYGE7H0GUM1fMdC
112,AC/DC,rock,track,Safe in New York City,2000,6xs17NF4X10Y7UGwto7S7Z
113,La Renga,rock,track,En El Baldío,2000,6JEEFrc6MHgH7X2hRbijzx
114,Attaque 77,rock,track,Beatle,2000,5dpS7KpIkLFC0hm8tsqI1V
115,Blur,rock,track,Beetlebum,2000,0cXm3QqepHVzXKdm73sqkl
116,Bersuit Vergarabat,rock,track,Negra Murguera,2000,2NYafkxRb5MYEXOFDsKXT7
117,A Perfect Circle,rock,track,Magdalena,2000,47HJ7biEuVZxoPkauczu2R
118,Silver Mt. Zion,rock,track,13 Angels Standing Guard 'Round The Side Of Your Bed,2000,7jbLjvNlKbfCRUoFWKo5TR
119,Matchbox Twenty,rock,track,If You're Gone,2000,2f5N826udWfjT9iomeaBJt
120,A Perfect Circle,rock,track,Orestes,2000,6YUKAH1icwkA3U7fVp3amo
121,Limp Bizkit,rock,track,Getcha Groove On - Dirt Road Mix,2000,5Wt2UAS92w2ZyDqX2dOEBg
122,Lifehouse,rock,track,Everything,2000,68jDcAoxBfn7Tu9SUt38d9
123,The Hellacopters,rock,track,Toys And Flavors,2000,0m3Wkftervmm67dkpwunXj
124,Panchiko,rock,track,CUT,2000,2hCFo7Rd91GyhyamQgrV3b
125,3 Doors Down,rock,track,Loser,2000,1aC1IBAETh2XYGOE8kCC6t
126,Radiohead,rock,track,Untitled,2000,4aeCuOowYXJXrMZsVHZbfF
127,3 Doors Down,rock,track,Be Like That,2000,3PbHle8KhJp6GuO1jLdEmQ
128,Deftones,rock,track,Elite,2000,3jnYlchDDAiLzfkPPy12ig
129,Bunbury,rock,track,"Apuesta por el rocanrol - En directo, Mexico D.F 2000",2000,7E2CT6vB2xd03uJrF7TFm8
130,Roger Hodgson,rock,track,Along Came Mary,2000,51EelJqVvD7Pv5U9QYt85x
131,PJ Harvey,rock,track,A Place Called Home,2000,4QmBs5a3mFFLaLA1QTEVrN
132,Os Paralamas Do Sucesso,rock,track,Aonde Quer Que Eu Vá,2000,0NFVg74sSsdU1gNc9xfpIO
133,Eric Clapton,rock,track,Help the Poor,2000,1zdJVsBmTNavn5u2GSqWkW
134,The Hives,rock,track,"Die, All Right!",2000,0yMVLkAojCxZarxXA2w7re
135,Bon Jovi,rock,track,One Wild Night,2000,03LGpDYgqaaj2TuX5Sj7CS
136,Rage Against The Machine,rock,track,Pistol Grip Pump,2000,0lsDJ0EkccufmSM43P28TQ
137,Panchiko,rock,track,Stabilisers For Big Boys,2000,7AIRXaWc2HPUvIqJ19IbtU
138,Blur,rock,track,Coffee & TV - Radio Edit,2000,0vcxj1GSw3uV931zdI3ZDj
139,The Beatles,rock,track,Get Back - Remastered 2015,2000,6zmQ8bzlDIfngjy0Ba3w46
140,The Cure,rock,track,The Last Day Of Summer,2000,1tr425D7noUgk7bGuT2mJu
141,Linkin Park,rock,track,In the End,2000,7q115ia4fQn9zonjpexWsY
142,Linkin Park,rock,track,Crawling,2000,0X576XiCW9uEtko6f6VkcU
143,Los Caballeros De La Quema,rock,track,Fulanos de Nadie,2000,3riky2BtRX9TeZJHEHE5Eq
144,Eagle-Eye Cherry,rock,track,Are You Still Having Fun?,2000,29fgrFqzWIY8Ey92CMRh3R
145,O'Funk'illo,rock,track,Nos vamos pal 'keli,2000,1wW7esFlI60dKHvCxeyXB3
146,Andrés Calamaro,rock,track,Días distintos,2000,6194uXUQc1aBoAAcxZtNea
147,The Dandy Warhols,rock,track,Get Off,2000,3vNuiCB9OirYFeO79MNQqZ
148,The Beatles,rock,track,Something - Remastered 2015,2000,7mzNk14FElnA5DOKQyBrM0
149,The Beatles,rock,track,Eleanor Rigby - Remastered 2015,2000,0Wv8IXRUDZOfmFJHC1VOFI
150,Puddle Of Mudd,rock,track,Blurry,2001,0FLBNqc5oAiTt4J2e3fe3y
151,Aerosmith,rock,track,Fly Away From Here,2001,5PxQhGYkbGXzjOLaUfAYMf
152,Mick Jagger,rock,track,God Gave Me Everything,2001,020X55mawvXGASoewg14Dj
153,Babasonicos,rock,track,Los Calientes,2001,7L2arBxHMxVXbWQzaHKgnY
154,Weezer,rock,track,Hash Pipe,2001,2mPMFJvQ0v27gVqe5b6nDn
155,Muse,rock,track,Bliss,2001,0j3obufLXq5toSs592dX9U
156,The White Stripes,rock,track,We're Going to Be Friends,2001,13lZDbwonGhOflQLQIfdtZ
157,Muse,rock,track,New Born,2001,2VrJMuLt2m9HbifGrKWHqk
158,Elefante,rock,track,De la Noche a la Mañana,2001,2xezpH0r1pT7kcx2TPNsZ0
159,Radiohead,rock,track,I Might Be Wrong,2001,5JZ1jTanqLWVuThmZ6XRAc
160,La Ley,rock,track,El Duelo (feat. Ely Guerra),2001,1BH4LMGVMLBGc9uEJdm8D8
161,Travis,rock,track,Flowers In The Window,2001,7H8Ga5vDJKhgxQ0uTiScUf
162,Aerosmith,rock,track,Jaded,2001,6uhj7EIZZm3OwVr0gWfkQn
163,Staind,rock,track,It's Been Awhile,2001,1BExV8JprNJLvLeDE9qdEW
164,Staind,rock,track,Outside,2001,50Re2bLgXqG9qN7v2QHNTm
165,Radiohead,rock,track,You And Whose Army?,2001,7Hg6a7tZsVTkXnBUepjZU6
166,Soda Stereo,rock,track,En la Ciudad de la Furia,2001,5wjiZSbxaLyLpGimpwqh1H
167,Radiohead,rock,track,Knives Out,2001,521OhfIeThXJKiTyz0m883
168,Daryl Hall & John Oates,rock,track,Out of Touch,2001,4LI7LqBRuXxLyEZ2fCQnit
169,La Vela Puerca,rock,track,El Viejo,2001,7gKqjNMM4ikt7KFTRsgZgL
170,Radiohead,rock,track,Pyramid Song,2001,55q3Ro66yXWi9rsEddeEN4
171,The Strokes,rock,track,Hard To Explain,2001,2LMloFiV7DHpBhITOaBSam
172,The White Stripes,rock,track,Fell In Love With a Girl,2001,21Qsj3cMVCx2xF2EVVNbEu
173,The Strokes,rock,track,Is This It,2001,2pAD0PKMUMtxlMvz33tYzB
174,Creed,rock,track,My Sacrifice,2001,2VSbEXqs6NbNiZSTcHlIDR
175,The Cure,rock,track,Lullaby,2001,09OpntwPHuNICsyEt1ETpE
176,Jack Johnson,rock,track,Flake,2001,7HJJTjIw2pKWDnfnygkGUo
177,System Of A Down,rock,track,Chop Suey!,2001,2DlHlPMa4M17kufBvI2lEN
178,Travis,rock,track,Side,2001,5gfmEhfgMIcV3He1wgDGJY
179,System Of A Down,rock,track,ATWA,2001,6gCVA6ja6g0foIsWv0RuSZ
180,Elefante,rock,track,Así Es la Vida,2001,3q2aVABxuztNi3iS6h6qdB
181,La Mosca,rock,track,Todos Tenemos Un Amor,2001,6SgkilvKX94WfXRbhr3RCu
182,Ozzy Osbourne,rock,track,Dreamer,2001,78PKCefXwDLbl4FVO1Pjzh
183,P.O.D.,rock,track,Boom,2001,5DooySfCD1xCJ49gQm9rx7
184,Muse,rock,track,Plug in Baby,2001,2UKARCqDrhkYDoVR4FN5Wi
185,La Ley,rock,track,Mentira,2001,5Em7MA991Gn3yhheaul0CX
186,Muse,rock,track,Feeling Good,2001,5PK1JCSdr34gWgzYHgt3Jq
187,La Mosca,rock,track,Te Quiero Comer La Boca,2001,6Y5k0NupErwLzOQXDxfVFa
188,Jarabe De Palo,rock,track,Dos días en la vida,2001,1Fzlofqd4sIG33pf55MTQD
189,System Of A Down,rock,track,Aerials,2001,4e9eGQYsOiBcftrWXwsVco
190,Train,rock,track,Drops of Jupiter (Tell Me),2001,2hKdd3qO7cWr2Jo0Bcs0MA
191,The Strokes,rock,track,Someday,2001,56NkIxSZZiMpFP5ZNSxtnT
192,Babasonicos,rock,track,El Loco,2001,2jEjxOyKqMpkcThWl697hf
193,Creed,rock,track,One Last Breath,2001,42T2QQv3xgBlpQxaSP7lnK
194,Drowning Pool,rock,track,Bodies,2001,7CpbhqKUedOIrcvc94p60Y
195,System Of A Down,rock,track,Toxicity,2001,0snQkGI5qnAmohLE7jTsTn
196,Travis,rock,track,Sing,2001,4yA2SM7XCLkSgkBUSoZb5S
197,Jarabe De Palo,rock,track,De vuelta y vuelta,2001,1laHpjcuexHOKLjjIBbvnP
198,Weezer,rock,track,Island In The Sun,2001,2MLHyLy5z5l5YRp7momlgw
199,The Strokes,rock,track,Last Nite,2001,7kzKAuUzOITUauHAhoMoxA
200,Muse,rock,track,Space Dementia,2001,00jXDm9BLNZdf2QC3Br0r7
201,P.O.D.,rock,track,Satellite,2001,3zAIrDlrGJ5cwBHMR1YaLl
202,Intoxicados,rock,track,Se Fue Al Cielo,2001,2S84wf4nkHhVsZLbwggoyR
203,Radiohead,rock,track,Life In a Glasshouse,2001,5xJc58mBWz68WhwU2n5seR
204,La Ley,rock,track,Día Cero,2001,3aF1cgQh2GzX4jsQFDA5im
205,Staind,rock,track,Outside,2001,5D6rk7Zr7FRy5m2fDte5fp
206,The Strokes,rock,track,New York City Cops,2001,7xuu4ByQkm8qhnwJQk994r
207,Intoxicados,rock,track,Quieren Rock,2001,7KZWjw7JURpLC80tasSdlR
208,TOOL,rock,track,The Patient,2001,0Klbxk3g96Qae4DbCnUNcT
209,Incubus,rock,track,11 am,2001,23Cr3klTV6cX5zuv8AySyI
210,The Strokes,rock,track,Take It Or Leave It,2001,0J2OnBNKwt0KICDyDFPUvl
211,Daryl Hall & John Oates,rock,track,Out of Touch,2001,7o67roCVsFiCt7Cf0ZLOJq
212,Turf,rock,track,Loco Un Poco,2001,7dmdwwxTx9aoUsfXbRHIoQ
213,The Cure,rock,track,Boys Don't Cry,2001,0C2eEsMBj78CLkHNJPjohc
214,CAKE,rock,track,Short Skirt / Long Jacket,2001,3OOFEF20WqtsUPcRbPY3L7
215,Dobie Gray,rock,track,Drift Away - Single Version,2001,6hJhVBOnkchxBsDHbLOBJP
216,Turf,rock,track,"Yo No Me Quiero Casar, Y Ud?",2001,6BaMKZw3o4r0OQwDcPNI12
217,Soda Stereo,rock,track,Persiana Americana,2001,4iPA2yB8bK7T770EkkOi7s
218,Black Rebel Motorcycle Club,rock,track,Spread Your Love,2001,1gq5tbU9FTm90duAZtDZUv
219,The Smashing Pumpkins,rock,track,Today,2001,1XPta4VLT78HQnVFd1hlsK
220,Celso Piña,rock,track,Aunque no sea conmigo (feat. Café Tacvba),2001,199gJ6b1aihvmEqdQZr0qT
221,La Ley,rock,track,Fuera de mí,2001,5XH286garUg3tcciTKR50O
222,The Cure,rock,track,Friday I'm In Love,2001,0lxt6J01WBpovNFVF87Yqa
223,Soda Stereo,rock,track,Prófugos,2001,1Bov4bMY1IgfOrvUWWbhSe
224,TOOL,rock,track,Parabol,2001,3EeoMkZF8NhX9FdCSxG8MB
225,Incubus,rock,track,Are You In?,2001,1MvJno497VkQR3RsiJcRVm
226,The Cure,rock,track,Lovesong,2001,49edirvFZwWjxAMZJRg1hN
227,Robert Palmer,rock,track,Every Kinda People,2001,4UzEcCFjjJ40SjeDqtssN7
228,The Cure,rock,track,Cut Here,2001,1SuAd1VNCDpM2ovs1ic9tN
229,Nickelback,rock,track,Too Bad,2001,2cCWbBmadLbKvr9xddC79R
230,The Strokes,rock,track,Barely Legal,2001,4KC2Z9dL4jL61Ys35N6srg
231,The Strokes,rock,track,"Alone, Together",2001,4pXyK9GW7fuT645U0DLYYF
232,La Ley,rock,track,Aquí,2001,3Qm1X6krEOuhWLpgJhOJu7
233,La Ley,rock,track,Intenta Amar,2001,4rgBSJ2qNeQQWg2ZL1Lt49
234,The Strokes,rock,track,Trying Your Luck,2001,37cb7mzkQKksGm0noGDXeh
235,Journey,rock,track,Any Way You Want It,2001,2DyHhPyCZgZzNXn1IrtsTu
236,Simon & Garfunkel,rock,track,Mrs. Robinson,2001,6iKSKHgjyeDhD8iisd4PLL
237,The Smashing Pumpkins,rock,track,Drown,2001,3eMYc6FK9XvyauIaxcJtRS
238,Los Caballeros De La Quema,rock,track,Otro Jueves Cobarde (feat. Joaquín Sabina),2001,4RsabWsfMpO7EO6fLopF7K
239,Cock Robin,rock,track,Just Around the Corner,2001,1EMXG7xTHOwp08FNwDcQeX
240,The Smashing Pumpkins,rock,track,1979,2001,3h5zik31hTTat9jmpCZZNC
241,Radiohead,rock,track,Packt Like Sardines In a Crushd Tin Box,2001,0tDn82XkoueVV5q9G7OUAv
242,Los Inhumanos,rock,track,Me Duele La Cara De Ser Tan Guapo,2001,4ClSC5MEC4gFOFrxiSIHak
243,Dover,rock,track,The Weak Hour of the Rooster,2001,2aRFWO80gd71LafC5pmeh6
244,The Strokes,rock,track,The Modern Age,2001,1EsgUWQsxGBwnu3NATDjiU
245,Daryl Hall & John Oates,rock,track,You Make My Dreams (Come True),2001,7HX9f8AMBl0vQxAoAzLqhS
246,The Strokes,rock,track,Soma,2001,7G8hUONVhvJnkD3Ak8mNF1
247,Pedro Suárez-Vértiz,rock,track,"Un Vino, Una Cerveza",2001,5Q2J37xbIR60z6ifswoGKe
248,Dover,rock,track,My Secret People,2001,5XD8mSFP7VPRv81TiCfNut
249,The The,rock,track,This Is the Day,2001,5O7RVmqK3AYoFfyeafxOqH
250,The Smashing Pumpkins,rock,track,Eye,2001,3BOeoBO88Za64AaY90r0tA
251,The White Stripes,rock,track,Dead Leaves and the Dirty Ground,2001,2ewjgFhHDTE8BkV8kzpiX2
252,The Cure,rock,track,Close To Me,2001,02C9AbaB70qN31mPlwcNNK
253,TOOL,rock,track,Reflection,2001,0R7HFX1LW3E0ZR5BnAJLHz
254,Aterciopelados,rock,track,Rompecabezas,2001,2Y2wnL1E0La36Rr2A0IF1g
255,Charlie Brown Jr.,rock,track,Lugar Ao Sol,2001,4gEFeIEORz8thfqMY7nKcb
256,Nickelback,rock,track,Never Again,2001,3K8rbysInYs6bEhMGgm0wh
257,Los Amantes De Lola,rock,track,Beber de Tu Sangre,2001,3Gr4OWY7lAXAq7PpgUbctG
258,Intoxicados,rock,track,Religión,2001,3FHv25Esc5syMpuHCncXfq
259,Muse,rock,track,Plug In Baby - XX Anniversary RemiXX,2001,3w1KoEKYKrbG0sfx7MbIeh
260,The Smashing Pumpkins,rock,track,Disarm,2001,0Wl42CUb1phIU9O2aR1wXI
261,Puddle Of Mudd,rock,track,Control,2001,575Sz3R4xOhueUstPObylF
262,TOOL,rock,track,Eon Blue Apocalypse,2001,5aVJ5rv7ghWSkQaqP726tE
263,Muse,rock,track,Micro Cuts,2001,2GflWmANujk7PnmEcv5RbF
264,Incubus,rock,track,Echo,2001,3ypXaNibspfxvUIKpzUkfz
265,Mogwai,rock,track,Take Me Somewhere Nice,2001,3s2MZsEfiMe7ZjiRtun6wv
266,Memphis La Blusera,rock,track,Irresponsable,2001,0UQKuWXzpF76p4fIehRJbT
267,Black Rebel Motorcycle Club,rock,track,Red Eyes And Tears,2001,4gOmEM6YKQDGP29FebFGav
268,Billy Joel,rock,track,My Life,2001,6Ep2XErOa5SCBGzARBpCr4
269,Creed,rock,track,Weathered,2001,33P0xVFGIPfCB2ZBCTGTY9
270,Soda Stereo,rock,track,Corazón Delator,2001,4L3TjNmQXBLC4zmqGCW5eM
271,Jack Johnson,rock,track,F-Stop Blues,2001,1pqCiMTEKpdP3gTAxfqSEO
272,Pedro Suárez-Vértiz,rock,track,Degeneración Actual,2001,58t9Q8VqXGhaqtilMkIkRx
273,Pink Floyd,rock,track,Wish You Were Here,2001,6iMjntVYkchLBJcqsiSNYZ
274,The Cure,rock,track,Just Like Heaven,2001,4P7UhffUpi9UnRM7fLNBe0
275,Travis,rock,track,Pipe Dreams,2001,7LRweNb4ItYuu9j2hOaJ8r
276,The Cure,rock,track,The Walk,2001,3YjrW1eYPTtcDwfGyDwdtn
277,Babasonicos,rock,track,Deléctrico,2001,5DSgzNSlB4EHCIi8YAXxWn
278,TOOL,rock,track,Disposition,2001,1FRlNrHd4OGNIEVgFuX9Fu
279,Bon Jovi,rock,track,"It's My Life - Live In Toronto, Ontario/2000",2001,3wjXvlJAQYhwmRCuhFTpsO
280,Muse,rock,track,Hyper Music,2001,7BxQJTzBjhfpx8PVT1qASg
281,Radiohead,rock,track,Dollars and Cents,2001,0kSDNLOdJqpGhV2vtVFWmS
282,Radiohead,rock,track,Morning Bell/Amnesiac,2001,09rXQjOX61UGL36z76q8OS
283,Babasonicos,rock,track,Rubí,2001,2Dsv2vdCfLucFIoECqAK6U
284,Gary Moore,rock,track,The Prophet,2001,7cOHoi3w2GhckxsC3L5pAC
285,Staind,rock,track,For You,2001,3gAZuCwnlRkAjcnP1Q4yzu
286,Radiohead,rock,track,Pulk/Pull Revolving Doors,2001,6AIq6WIkWBoRUb6kTVY8yU
287,The Cure,rock,track,A Forest,2001,0o4S13NJiEdnzy67ZKoyFZ
288,Muse,rock,track,Citizen Erased,2001,177MZraDAxjRqqtZBz5Vhn
289,Dover,rock,track,I Hate Everybody,2001,5NXXXc22fzLpStEgnLTEbg
290,Titãs,rock,track,Epitáfio,2001,35J9vakuC3f18QTolNAQ6E
291,Babasonicos,rock,track,Fizz,2001,6LTyESjGFAp6x2yXoo4wbm
292,Pedro Suárez-Vértiz,rock,track,Alquien Que Bese Como Tu,2001,3yX13QX2pqJP55Q0Tg8Pm5
293,Jack Johnson,rock,track,Bubble Toes,2001,1CFwwYZ58s34axN637i9Gq
294,Starsailor,rock,track,Poor Misguided Fool,2001,4uONr3H4dj82vr4Bt5xXF0
295,Chris de Burgh,rock,track,The Lady In Red,2001,2qJNqOUnzLPl46bsRTJiKT
296,The Cult,rock,track,Rise,2001,1TbihmZ2BtE4JP6C85I0zZ
297,Duncan Dhu,rock,track,Siempre (Al abandonarnos),2001,6ApKEWoqvtUqRLr7DAHExe
298,Radiohead,rock,track,Like Spinning Plates,2001,1irS6wtXCUUF5ytfPqOzpM
299,The Smashing Pumpkins,rock,track,"Tonight, Tonight",2001,5kguToT39QaxxYEuPwFkp6
300,Audioslave,rock,track,Show Me How to Live,2002,1Qdnvn4XlmZANCVy3XjrQo
301,Seether,rock,track,Fine Again,2002,4eTIe5eqds88bA9ua6p5p6
302,Elvis Presley,rock,track,Love Me Tender,2002,7iBBcw61QVJxI3NDzlpX2E
303,Elvis Presley,rock,track,Heartbreak Hotel,2002,2IfE8FhnPPEBSS4rL1qhBb
304,Red Hot Chili Peppers,rock,track,Universally Speaking,2002,39badcyKTjOtBvv4aywpfs
305,Los Enanitos Verdes,rock,track,Amores Lejanos,2002,11AnIo9kTnjhtD06y5Zd5O
306,3 Doors Down,rock,track,When I'm Gone,2002,3WbphvawbMZ8FyqDxYGdSQ
307,Queens of the Stone Age,rock,track,Song For The Dead,2002,37gG4GPeTRPKKdXYx3zTRC
308,Maná,rock,track,Eres Mi Religión,2002,3NTaEHQg5iVrRRNWlnK4RY
309,Maná,rock,track,Ángel de Amor,2002,2DEQZTIRhAOeENsgqbmNWS
310,Queens of the Stone Age,rock,track,First It Giveth,2002,0UEMTz9APWfoJHdlXDeIzm
311,Bersuit Vergarabat,rock,track,Un Pacto - Live In Buenos Aires / 2001,2002,1lcwoylQLJUtl2pNNdZQ7p
312,Los Enanitos Verdes,rock,track,Frances Limon,2002,2BPmAFsiy6vwDceybqIAjw
313,Red Hot Chili Peppers,rock,track,I Could Die for You,2002,3oP2vxUR2bjFCrU9YolGnM
314,Audioslave,rock,track,Like a Stone,2002,3YuaBvuZqcwN3CEAyyoaei
315,Nirvana,rock,track,You Know You're Right,2002,5O8L4I2S4izFGDjvP7xAKv
316,Bunbury,rock,track,Sí,2002,0RiW6UAHvVbYVEp4Kvxbwj
317,10cc,rock,track,I'm Not In Love,2002,1A6Kwtsg3JWKU2KWM2udpM
318,Juanes,rock,track,A Dios Le Pido,2002,129lYDVKnWtlJc2PZJviuA
319,Gustavo Cerati,rock,track,Vivo,2002,1ShyiEm2kD0XMA7fNhMIVk
320,Oasis,rock,track,Stop Crying Your Heart Out,2002,0SlpFHdk4UHBDzCEoXzy14
321,Bunbury,rock,track,Sácame de aquí,2002,17UjQSXDRlpCY5Jon3Bcfw
322,Nirvana,rock,track,The Man Who Sold The World - Live,2002,1XnPVbzLhuBv0sHaCTgyoi
323,Queen,rock,track,Under Pressure,2002,5oybkyECAyGaDxYLUCPjFh
324,Queens of the Stone Age,rock,track,"You Think I Ain't Worth A Dollar, But I Feel Like A Millionaire - Album Version (With Interlude)",2002,48OJGqiTSwiUmDwLpAlGZ6
325,Foo Fighters,rock,track,Times Like These,2002,67vYdAAM3oGsEImCRfbtsF
326,Nirvana,rock,track,About A Girl,2002,55yvzYuvJYG2RUEnMK78tr
327,Red Hot Chili Peppers,rock,track,Dosed,2002,1iFIZUVDBCCkWe705FLXto
328,Bunbury,rock,track,...Y al final,2002,3LR1Ienv3nT4S8gbsie6bA
329,David Bowie,rock,track,This Is Not America - 2002 Remaster,2002,2p3BqVXidY55L0q0A0agtZ
330,Red Hot Chili Peppers,rock,track,By the Way,2002,1f2V8U1BiWaC9aJWmpOARe
331,Interpol,rock,track,Untitled,2002,60OY6A1Eyz3a4aPDbV7LV0
332,Oasis,rock,track,Little By Little,2002,45AQ5zbSJ0j1nM9daSWeq8
333,Queens of the Stone Age,rock,track,No One Knows,2002,6y20BV5L33R8YXM0YuI38N
334,Juanes,rock,track,Es Por Ti,2002,3b1IQflSLrgzYQPGFzI9cl
335,Counting Crows,rock,track,Big Yellow Taxi,2002,5fztgDIt1Nq32VHJrAHq0Y
336,Hombres G,rock,track,Devuélveme a mi chica,2002,6tKXjlrsIDMpD0V9OOnkhI
337,Wilco,rock,track,"Jesus, Etc. - 2022 Remaster",2002,7qTr6NXpNeVriU1jCbXqCg
338,Red Hot Chili Peppers,rock,track,The Zephyr Song,2002,1ndGB6rvxKYN9seCYO1dTF
339,Maná,rock,track,Mariposa Traicionera,2002,0Pjsm4AaJGPOXHoB6xCgJB
340,Red Hot Chili Peppers,rock,track,Can't Stop,2002,4BcS4LomxUnQpzx4hCaJTs
341,Red Hot Chili Peppers,rock,track,Can't Stop,2002,3ZOEytgrvLwQaqXreDs2Jx
342,Bunbury,rock,track,Lady Blue,2002,492aSGsuE0dOOBKB66781Z
343,Foo Fighters,rock,track,All My Life,2002,6tsojOQ5wHaIjKqIryLZK6
344,Miguel Ríos,rock,track,Aves de paso (con Joaquín Sabina),2002,0TOldQgEIcL12oEdOhPxRV
345,Phil Collins,rock,track,Can't Stop Loving You - 2016 Remaster,2002,2W6PNGCN4PGwPMf1jYazL4
346,Maná,rock,track,Eres Mi Religión - 2020 Remasterizado,2002,2H3kc8vwKWtgaDWs0Xw98Y
347,Maná,rock,track,Mariposa Traicionera - 2020 Remasterizado,2002,2zLLGT8WWT1dl73TlVL9qs
348,Audioslave,rock,track,Show Me How to Live,2002,21tuvt3CXIsNquc32v8jpc
349,Audioslave,rock,track,Like a Stone,2002,2xt2piJx6jlFkjS77YiqpL
350,Charly García,rock,track,Influencia,2002,7B8W8kfQwcVubGo2EGosID
351,Oasis,rock,track,Songbird,2002,2tBxJ43XiwEzhf7Xalc5UG
352,Elefante,rock,track,Sabor a Chocolate,2002,29OzJTIOTjCgR7fLyEXY7u
353,Matchbox Twenty,rock,track,Unwell,2002,6Bm6qUCSatPAqkQllFL7oA
354,Sigur Rós,rock,track,Untitled #3 - Samskeyti,2002,1QUiA9aecDOOnf32A9ZrtW
355,No Te Va Gustar,rock,track,No Necesito Nada,2002,5A44iIZenvd56WXWCO9K5K
356,Gustavo Cerati,rock,track,Fantasma,2002,2xuDoEEK7tfZMh5Y7gOoTg
357,Pepper,rock,track,Stone Love,2002,1AO26gK1sI6PoFY9eUF8yV
358,Stone Sour,rock,track,Bother,2002,0AfIsqZ4gTUg9CwwW2jLeK
359,Jaguares,rock,track,Te Lo Pido por Favor,2002,6iRkrVOhCjgKFB2cBWnx4M
360,Gustavo Cerati,rock,track,Cosas Imposibles,2002,7be5IEj6GYti0jauRKODoG
361,Porcupine Tree,rock,track,Trains - 2017 Remaster,2002,5bO7kXCc21MOj5MOeiBioU
362,Elvis Presley,rock,track,Return to Sender,2002,2cdzutoqFK6sfW6exi7oXh
363,Serani Poji,rock,track,ぴぽぴぽ,2002,7GxUPZNxNPvDToM4FkXE6G
364,Elvis Presley,rock,track,Don't Be Cruel,2002,4zzXm1QJQXWLyUfFhWZBRg
365,The Black Keys,rock,track,Heavy Soul,2002,5GZq8P4Iy2smHngL07Pcuo
366,Audioslave,rock,track,I Am the Highway,2002,3bwAS8cN7Xtzvv5UurJOOX
367,Audioslave,rock,track,Cochise,2002,1TDk2Jmi4dVZhm2dum3Jim
368,Elefante,rock,track,Así Es la Vida,2002,3ge3q3Hz0KWhQX5EAQcwEy
369,The Goo Goo Dolls,rock,track,Sympathy,2002,5fIrBv7PrI2MBcktQOcmpI
370,Muse,rock,track,Can't Take My Eyes off You,2002,3Y4m9Td603gbfMB86UNafs
371,Manic Street Preachers,rock,track,Motorcycle Emptiness,2002,5ibELGcXGqX5x9TWFeNPxY
372,Elvis Presley,rock,track,Burning Love,2002,7akmE0AToGj8eLidXVWoI6
373,Red Hot Chili Peppers,rock,track,Don't Forget Me,2002,308kjPoIVBzDNExO54sqAi
374,Elvis Presley,rock,track,Stuck On You,2002,7bA1DHtoJAvqyL42gHwOLa
375,Elvis Presley,rock,track,Jailhouse Rock,2002,6pyex9B1kBoRIuabBAc4m8
376,Hombres G,rock,track,Lo noto,2002,1k3Y0fhjdYKjfPSacDJm0p
377,Bersuit Vergarabat,rock,track,El Tiempo No Para - Live In Buenos Aires / 2001,2002,1PBFuWxDnAj0iRkPaePboA
378,Pearl Jam,rock,track,I Am Mine,2002,79pY2Z5eFvXMt9bSdHLrnA
379,The Goo Goo Dolls,rock,track,Here Is Gone,2002,4KqTGPPmXowMPEoShSVOta
380,The Vines,rock,track,Get Free,2002,1JcGNoiwifg0MdJMVgJQYx
381,Mark Knopfler,rock,track,Why Aye Man,2002,7BujMCC8IhoBorzOgBnj88
382,Audioslave,rock,track,Shadow on the Sun,2002,2o22GHXR1z4Q0dojvRUkk7
383,Serani Poji,rock,track,スマイリーを探して,2002,0XgoXio6L2d5tFhIq0K0ty
384,Alvin Lee,rock,track,The Bluest Blues - Remastered,2002,1SfdzhXyrw84Hs0oMLaeEC
385,Miguel Ríos,rock,track,Cuando los ángeles lloran (con Maná),2002,4OkhCdvoIPebHRxlaxmn1x
386,Nirvana,rock,track,Smells Like Teen Spirit,2002,6y1etHPLRsgA467gLBOgBm
387,Maná,rock,track,"Ay, Doctor - 2020 Remasterizado",2002,3IqpVQ7ooHCJLaOXds4bEk
388,Bruce Springsteen,rock,track,Lonesome Day,2002,0R9q3imnid244T1ty47MGs
389,Bersuit Vergarabat,rock,track,Mi Caramelo - Live In Buenos Aires / 2001,2002,2pC6LUWFEf2S6BIuBjrWWF
390,The Greenhornes,rock,track,There Is An End,2002,7ElMeCWsfj7IkUGcsWxb5K
391,Kula Shaker,rock,track,Hush,2002,22WUPpOkcQGwQU6hK1liXR
392,Elvis Presley,rock,track,(Marie's The Name) His Latest Flame,2002,4qbLOU1T7xgTH87eUSkvJ1
393,Los Rodriguez,rock,track,Mucho mejor (feat. Coque Malla),2002,5lBospeeFzg0ZeFhQP0oJs
394,Inspector,rock,track,Amargo Adiós,2002,0zCOT028cU3DeCqN1G18wE
395,Audioslave,rock,track,Cochise,2002,4OCzAGgyWsUKpdWufYywZm
396,Bunbury,rock,track,Enganchado a ti,2002,1j55SkXGAOhrpSgkdMYmA5
397,Maná,rock,track,Ángel de Amor - 2020 Remasterizado,2002,2ri3llWAosd5DLb1FAkL1j
398,Audioslave,rock,track,I Am the Highway,2002,4Im33JWLEobPtMTTAw7GUF
399,Bunbury,rock,track,El club de los imposibles,2002,6rqKq1KJeBzkpWaGRhMVDl
400,Lordi,rock,track,Would You Love A Monsterman,2002,1KFFJxVj3mUUZVJawehnLr
401,Madrugada,rock,track,Majesty,2002,5eApAEv1BI9iiReATkusoG
402,3 Doors Down,rock,track,The Road I'm On,2002,2C1m7Lw5cUpFWUkN6Tovik
403,Seether,rock,track,Gasoline,2002,5ih5herXfvp5coBVFhmoAW
404,Skay Beilinson,rock,track,Oda a la Sin Nombre,2002,5l6HQ03qnofn7Us7cADWQg
405,3 Doors Down,rock,track,Away From The Sun,2002,3THdexHRmED4euIY91Zrxc
406,Design19,rock,track,Stairs,2002,0l3kMJXLcw4yaSOIU39Sq6
407,Inspector,rock,track,Amnesia,2002,41xb9U5PEsvZYLKFW50xCZ
408,Audioslave,rock,track,Shadow on the Sun,2002,2uDwRgwGPjXq0oj0hNCuFc
409,Seether,rock,track,Driven Under,2002,3pavDZo8o2ctgkVhERSzy6
410,Gustavo Cerati,rock,track,Nací para Esto,2002,62rUQJCEgkwseP5u4eMp7e
411,Nirvana,rock,track,Come As You Are,2002,0LnkNEgEXv83bVVvgnB9Et
412,Queens of the Stone Age,rock,track,Hanging Tree,2002,0kvCsawo2Y5m7xvksC1IK1
413,Santana,rock,track,Sideways (feat. Citizen Cope),2002,34DdiMOZFVqMHu0uJ2Vd8a
414,Audioslave,rock,track,Gasoline,2002,33AxY0QUitvte6JV6B6uLE
415,Red Hot Chili Peppers,rock,track,Venice Queen,2002,3ZIw7nCYObqthuWCuDrCu0
416,Benito Kamelas,rock,track,Despertarás,2002,3Dbgi6U6zWqQoXLDfq9mpF
417,Bunbury,rock,track,San Cosme y San Damián,2002,27AQpnz1Sysqvc8E4xm9MX
418,Queens of the Stone Age,rock,track,God Is In The Radio,2002,3zIrLEU2Q7UuKJb4hODlFD
419,Gustavo Cerati,rock,track,Tu Cicatriz En Mi,2002,7gPVoEPs8iLkkq3DXPtAjj
420,Crazy Town,rock,track,Drowning,2002,6UI5070fXjclDkp1obCmFm
421,Maná,rock,track,Sábanas Frías,2002,18xAI0ssStI3zfZUD0xauP
422,Gustavo Cerati,rock,track,Karaoke,2002,6sLY33z3QsMa9HnzCvXcGT
423,Porcupine Tree,rock,track,The Sound Of Muzak - 2017 Remaster,2002,3PMKeBhFHHQTkvBpKMnEqy
424,Wilco,rock,track,Kamera - 2022 Remaster,2002,0UOxrpK8qWF9xQnYsOE6jE
425,Bersuit Vergarabat,rock,track,Perro Amor Explota - Live In Buenos Aires / 2001,2002,7a0yeeNookEFR7YjYAhyrf
426,Phil Collins,rock,track,Come with Me - 2016 Remaster,2002,2JoWfH6LABjC1VzWeggvdP
427,The Black Keys,rock,track,I'll Be Your Man,2002,7ve0nLuGlLfqw0EbL2UZEV
428,Porcupine Tree,rock,track,Blackest Eyes - 2017 Remaster,2002,5RYbKJ3psLCFGKEqyJ931Y
429,The Arrows and Friends,rock,track,I Love Rock 'N Roll,2002,7sU7UgO8XwiSq2qt4Mgyq0
430,Red Hot Chili Peppers,rock,track,Cabron,2002,5TGYo4MrNKqIvJqgx134py
431,Queens of the Stone Age,rock,track,The Sky Is Fallin',2002,1OhtTc59KSDzaNzThkdYhF
432,Lordi,rock,track,Devil Is A Loser,2002,30nMLzkQRmj7iHtW3t8KfK
433,Elvis Presley,rock,track,Hound Dog,2002,0JOw67rq2X6NDz5AJP9uIG
434,Phil Collins,rock,track,Can't Stop Loving You - 2016 Remaster,2002,3LqVwIsStOfAXo4607jB6R
435,Los Animalitos,rock,track,Vendrá la Muerte y Tendrá Tus Ojos,2002,5Cr5VfhwYPIf85sjjffmBE
436,Interpol,rock,track,Leif Erikson,2002,6Hr7rJyzLrkqSDZIbo8UNv
437,Red Hot Chili Peppers,rock,track,By the Way,2002,2t0ZYmVXMR36fchq1Egs2d
438,Robbie Williams,rock,track,Monsoon,2002,3Hy2SSGmmQbdv3emGLjwLM
439,Thanya Paredes Aymara,rock,track,El Dia de mi Muerte,2002,3UQT4QaAqUSqMxrGkXsTug
440,Red Hot Chili Peppers,rock,track,This Is the Place,2002,42z5BOO8cJda4qWBnHFLQV
441,Audioslave,rock,track,What You Are,2002,4zwFgTTTQkFebQSYo3SRt5
442,Queens of the Stone Age,rock,track,Gonna Leave You,2002,70cpuGFNENOHuqNhtLVFJY
443,Maria De Los Angeles,rock,track,Me abandonaste,2002,4iywt5riHB7tgTo9boNkDu
444,Linkin Park,rock,track,Enth E Nd (Kutmasta Kurt Reanimation) [feat. Motion Man],2002,4fYnWAimYBRNgNgTLYbXAI
445,Audioslave,rock,track,Gasoline,2002,5YhrJVUDkB0ijXwRekwQW1
446,Nirvana,rock,track,Rape Me,2002,4SCzhsw9HHBaLsr2KhmmKG
447,The Cranberries,rock,track,Stars,2002,5iJ3ZTfEXjqxIU1BrgKhEe
448,Benito Kamelas,rock,track,Destino,2002,5AMUSQ00Xxwl5P7cC53QuN
449,Wilco,rock,track,Heavy Metal Drummer - 2022 Remaster,2002,1KOHx0ddv17DsT9BNMv4fK
450,Radiohead,rock,track,2 + 2 = 5,2003,4xkcGfpM9RwB4IiQ7yx2dB
451,Semisonic,rock,track,Closing Time,2003,1A5V1sxyCLpKJezp75tUXn
452,Vilma Palma e Vampiros,rock,track,La pachanga,2003,0bIye27QbOvSrTAmCViX5O
453,Red Hot Chili Peppers,rock,track,Fortune Faded,2003,37sSud1ZrTpwXPGJP0dbXI
454,HALCALI,rock,track,おつかれSUMMER,2003,3clPsjTbx4UOPMeQn7FZkV
455,Intoxicados,rock,track,Esta Saliendo El Sol,2003,2pmHBQiIjVfTyn3p1rRbSB
456,Metallica,rock,track,St. Anger,2003,5JAnXx5BBES4FEf4d4t4CC
457,Jet,rock,track,Cold Hard Bitch,2003,0wESZs7gN7TvfDbVP0w3Aw
458,The White Stripes,rock,track,The Hardest Button to Button,2003,3RdQfyk7BBxxIx0zSnCBIw
459,The Strokes,rock,track,What Ever Happened?,2003,78Gzxi27GuNHTfkn2BylG4
460,Muse,rock,track,Butterflies & Hurricanes,2003,5XpJOQgVEuM1FzgeGXzUvk
461,Attaque 77,rock,track,Arrancacorazones,2003,2zogXcCqvKJwh3o67W3GG3
462,Wilco,rock,track,"Jesus, Etc.",2003,4wd09wCccmxUB7XVJp0RNn
463,Fleetwood Mac,rock,track,Thrown Down,2003,4ffoKyYY6ElVpxUpE48jOc
464,Ben Harper,rock,track,Diamonds On The Inside,2003,6FvtSHS3hzjS8itHJPRzoJ
465,Linkin Park,rock,track,Easier to Run,2003,32fEW4jygJjjnZh2iBa5IR
466,Linkin Park,rock,track,Faint,2003,7AB0cUXnzuSlAnyHOqmrZr
467,Marilyn Manson,rock,track,mOBSCENE,2003,1YVuJrfHHmD4ilULhAVqPW
468,Linkin Park,rock,track,Numb,2003,1y1sChqjzdNWzwdHQADMrR
469,Radiohead,rock,track,"There, There",2003,5h4y42RUKwYKYWgutNwvKP
470,The Strokes,rock,track,12:51,2003,6Yu1OL8I0D4vjOzYdsXYGK
471,Evanescence,rock,track,Tourniquet,2003,46fyLy4W9HhAkcb67kLaAV
472,Muse,rock,track,Stockholm Syndrome,2003,3ox5lIXRf4r977FsE7JfXs
473,Coti,rock,track,Nada Fue Un Error,2003,1Ev18ptTlc3CBQMmKsIfjY
474,Three Days Grace,rock,track,I Hate Everything About You,2003,6rUp7v3l8yC4TKxAAR5Bmx
475,Marilyn Manson,rock,track,This Is The New Shit,2003,5P13mfqn9o3ToFPTxowEgO
476,Red Hot Chili Peppers,rock,track,Soul to Squeeze,2003,3arKRnq9OUd7yq6LRwVW8I
477,Muse,rock,track,Hysteria,2003,0knbMPVHpFbsx38pLoYSRs
478,Evanescence,rock,track,Going Under,2003,3UygY7qW2cvG9Llkay6i1i
479,Muse,rock,track,Time is Running Out,2003,0EdMqiKs9LKXhspeQhl4RZ
480,Molotov,rock,track,Frijolero,2003,5YyetAy34sgROhslaW3BZc
481,Nickelback,rock,track,Someday,2003,4PkJ7c9y1CwpuVOiJODnCZ
482,Café Tacvba,rock,track,Eres,2003,6kdCN6gTWLcLxmLXoUcwuI
483,Mägo de Oz,rock,track,La Costa Del Silencio,2003,4mTsRdFE28MYlrZo8N4Es0
484,Evanescence,rock,track,Everybody's Fool,2003,0tWEB6BxbI48XN79QE1JbT
485,Air Supply,rock,track,Making Love Out of Nothing at All,2003,1qQkXsvHcyenlqtPlGL9kn
486,Los Auténticos Decadentes,rock,track,Un Osito de Peluche de Taiwán,2003,6iCnJkKswtMYoSmT58HmEn
487,Linkin Park,rock,track,Somewhere I Belong,2003,3fjmSxt0PskST13CSdBUFx
488,Linkin Park,rock,track,Numb,2003,2nLtzopw4rPReszdYBJU6h
489,Ozzy Osbourne,rock,track,Crazy Train,2003,1Lm6B6aXsBhcsxrimyhkJb
490,The Strokes,rock,track,Reptilia,2003,57Xjny5yNzAcsxnusKmAfA
491,Linkin Park,rock,track,From the Inside,2003,697M5JB8FDIyRXEXgl1pBZ
492,Babasonicos,rock,track,Irresponsables,2003,6d4d6cwiAf59mKxoRmXQoK
493,Vicentico,rock,track,Algo Contigo,2003,4zsDA31stWMtLveU61hejd
494,Linkin Park,rock,track,Breaking the Habit,2003,3dxiWIBVJRlqh9xk144rf4
495,Evanescence,rock,track,Bring Me To Life,2003,0COqiPhxzoWICwFCS4eZcp
496,Babasonicos,rock,track,Putita,2003,4UskHacy3UIP8TR8CDG3LW
497,Linkin Park,rock,track,Faint,2003,4Yf5bqU3NK4kNOypcrLYwU
498,The White Stripes,rock,track,Seven Nation Army,2003,3dPQuX8Gs42Y7b454ybpMR
499,Three Days Grace,rock,track,I Hate Everything About You,2003,0M955bMOoilikPXwKLYpoi
500,Pappo,rock,track,Juntos a la Par,2003,1Ig4pCPanhzXl7C86MmBUc
501,HIM,rock,track,The Funeral Of Hearts,2003,6Aw2CjqeNqXZX1FBJoaOIE
502,Blur,rock,track,Out of Time,2003,79PrPZu9zWyc1qwUwXchVl
503,R.E.M.,rock,track,Bad Day,2003,2vS1VzTTEgwuNpie67KvED
504,Los Auténticos Decadentes,rock,track,La Prima Lejana,2003,4tJWwimA5XbsffRg2gC759
505,A Perfect Circle,rock,track,Weak And Powerless,2003,7gDVjl5fEw2OPAtjbW4LzR
506,Linkin Park,rock,track,From the Inside,2003,60IkVf7UfQXmt5CwkpcX8a
507,Vilma Palma e Vampiros,rock,track,Verano traidor,2003,54b9f1JmWzssvXIvBogR2u
508,Fleetwood Mac,rock,track,Say You Will,2003,3YrjFJwsOPWShEkIvxbqwW
509,Deftones,rock,track,Minerva,2003,1gzWd0ILFaCoHUfQSkCIvl
510,Joe Bonamassa,rock,track,Blues Deluxe,2003,2O7OjNCjqflzWOTVg9UlEm
511,Zoé,rock,track,Love,2003,5tyznRXlcIx0XlQ7S8iCMW
512,Molotov,rock,track,Hit Me,2003,5oYQ84f7jWY90pblm2XJAO
513,Radiohead,rock,track,Where I End and You Begin,2003,2dDqsUr11Mv0qhXByNfbJx
514,Maná,rock,track,Te Llevaré al Cielo,2003,7HyXcqyhKbL1cpGhvqbvBD
515,Al Stewart,rock,track,Year of the Cat,2003,2NQhQlcVAcDRN3jf6FDTlm
516,The Strokes,rock,track,Automatic Stop,2003,6DUKQUhWqUySYngLXLNwP2
517,Jack Johnson,rock,track,Taylor,2003,1J4YoubtTxLuoKBzRIzHvv
518,Intoxicados,rock,track,No Tengo Ganas,2003,5LIHbW6EG9IRlIaXfcuFnH
519,La Renga,rock,track,La Razón Que Te Demora,2003,0ljyHIWERJQp8O5LKgKm1l
520,The Dandy Warhols,rock,track,We Used To Be Friends,2003,7hPO1N8dk3vH8kCYqHhJZX
521,Las Pelotas,rock,track,Será,2003,60IzIxSuVAtU71yCmHjxHH
522,R.E.M.,rock,track,Losing My Religion,2003,6FBlNlVx0xrXPb9suicaMM
523,Los Piojos,rock,track,Como Alí,2003,3yJKzKUDLo65qDDBDZm9im
524,Starsailor,rock,track,Four to the Floor,2003,4x5WbFaTTCexxBKbUyfBcG
525,Babasonicos,rock,track,Putita,2003,0SaKhiBPgdRaQKA7Bxu3ek
526,Radiohead,rock,track,A Wolf At the Door,2003,3OHevW2cUT176DXWV0lHg9
527,Muse,rock,track,Sing for Absolution,2003,6Dct63YMBXtjGqCwr0HkYb
528,Radiohead,rock,track,Sail To The Moon,2003,7tFsUfrmyBvLdvIByreecz
529,Dover,rock,track,Die for Rock & Roll,2003,40SyvERGSRiYTX3cpD31HG
530,Jack Johnson,rock,track,Gone,2003,4sX4O9mgw76aWhehf1eSRD
531,Babasonicos,rock,track,Y Qué?,2003,6SHZw0mS3kwJohb4Xay5Ml
532,Babasonicos,rock,track,Irresponsables,2003,0dsViRiDTIuexAL42Nc1Kh
533,Fleetwood Mac,rock,track,Peacekeeper,2003,47QCcoUKxDP1vuli0LwT8G
534,Staind,rock,track,So Far Away,2003,6FOpPA0a80RuBqqgDozvja
535,Linkin Park,rock,track,Somewhere I Belong,2003,3agtg0x11wPvLIWkYR39nZ
536,Jarabe De Palo,rock,track,La flaca,2003,5Q5cOc0UpDGYYaFoaQ99Dg
537,Air Supply,rock,track,Lost In Love,2003,6MhK1gPrgtgRedEjSUz18I
538,Orquesta Mondragon,rock,track,"Lola, Lola",2003,2RGtj4a0NJK5l0C6POCw8j
539,Jack Johnson,rock,track,Traffic In The Sky,2003,1yZFWn5IOy4spqLgJmMLmU
540,Linkin Park,rock,track,Breaking the Habit,2003,6n8TMVyFKoUmDc4apxceRD
541,Jack Johnson,rock,track,Times Like These,2003,4WM22pqXRZkcdrp7alhjsv
542,Babasonicos,rock,track,Risa,2003,60tufmg5b4JXznrpOEzXUr
543,Ben Harper,rock,track,She's Only Happy In The Sun,2003,62nFs5RnG7LcrNBk6oo1xl
544,Red Hot Chili Peppers,rock,track,Under the Bridge,2003,23NPGXlSaIqWzvxIRhM2oG
545,Counting Crows,rock,track,Mr. Jones,2003,7n3REqDfZBpkd0bEpGu2H3
546,R.E.M.,rock,track,The Great Beyond,2003,7w57O4o0xCTn9YpKuaPZDd
547,Lionel Richie,rock,track,All Night Long (All Night) - Single Version,2003,2Wb9ejnmy27DUTUe9YF5Ew
548,Air Supply,rock,track,All Out of Love,2003,6Nq8YtPAHuL1outooeiFde
549,Orquesta Mondragon,rock,track,Caperucita feroz,2003,6lgZD6qGSg59cNHZMtIPv2
550,Avenged Sevenfold,rock,track,I Won't See You Tonight Part 1,2003,67w1cb9ESAnCGJkC9hW2nO
551,Ben Harper,rock,track,Amen Omen,2003,2PkxIx7ciJa4TdZ73hflTt
552,Peter Frampton,rock,track,While My Guitar Gently Weeps,2003,4lEIXpVeT8I0NuBs2SgtEY
553,Radiohead,rock,track,I Will,2003,6GMGuW9ne8D3CvjkJoKJeg
554,Shinedown,rock,track,45,2003,420JGkyLfLUZcgBHKiIK9v
555,Muse,rock,track,Endlessly,2003,6qofnbCUIA08MT4hvV7wQ0
556,The White Stripes,rock,track,Ball and Biscuit,2003,0O2SYh5AZ0y8MAPOVC4Mxz
557,Explosions In The Sky,rock,track,Your Hand in Mine,2003,4mZofk9oND0AA4sJfzTH0R
558,Thousand Foot Krutch,rock,track,Phenomenon,2003,3b6uenXXbpCRxXyzFzWi3J
559,Radiohead,rock,track,Go To Sleep,2003,42BeMThJuzIQe1oQvhDwgl
560,Intoxicados,rock,track,Reggae Para Los Amigos,2003,3rLMwqrvbr38wcud6FxB8i
561,Orleans,rock,track,Dance with Me,2003,3D0fUBloGwPcLGLyheGWXu
562,Evanescence,rock,track,Whisper,2003,1TU3KOnNwSERgNbF2Yzl7N
563,Jarabe De Palo,rock,track,Aún no me toca,2003,3bw3dJAmNLCt99ratvzqxR
564,Vilma Palma e Vampiros,rock,track,Auto rojo,2003,0TGi4ML897zq1qDcAheMIY
565,Muse,rock,track,Falling Away with You,2003,2A3DQcqRgArPwaOP7CWqtQ
566,The Strokes,rock,track,Under Control,2003,3kKb3U3a8jmUJQB9ypE1Jl
567,The White Stripes,rock,track,I Just Don't Know What to Do With Myself,2003,5F6tUpAoDzz5PjJos99176
568,Desert Sessions,rock,track,I Wanna Make It Wit Chu,2003,78tAP5CKvrqiQRSviMSlBU
569,Babasonicos,rock,track,Y qué,2003,49TvST0pVJdZ1ZztrT7DnQ
570,Radiohead,rock,track,A Punch Up at a Wedding,2003,5kDi4uwQnHM920ElxNdzUO
571,The Darkness,rock,track,Friday Night,2003,0FXIFD0DV5RBb3EytmjUBS
572,Electric Six,rock,track,Danger! High Voltage - Soulchild Radio Mix,2003,2VHfyWLlvCvbkIqtS5tqt3
573,A Perfect Circle,rock,track,The Noose,2003,6lvNLD1XRU5paMwWH0RGRI
574,A Perfect Circle,rock,track,Pet,2003,27msmgcdSRniJHfocEf6EH
575,Molotov,rock,track,Here We Kum,2003,0SF8c9ir3zMxiypHXuvgYd
576,The Strokes,rock,track,The End Has No End,2003,0dy6iXYIF0piirySAzCBwF
577,La Mosca,rock,track,Muchachos Esta Noche Me Emborracho,2003,0tKdc5LRn5omaRRJJQ5wlh
578,Muse,rock,track,The Small Print,2003,6U6MIIspkSRd5lBgzPWIIi
579,Jarabe De Palo,rock,track,El lado oscuro,2003,6CODH1Sxs8OeVZke2OA5Xd
580,Dover,rock,track,The Flame,2003,5YQZJha9tq0pF9E7zCPJd4
581,Ben Harper,rock,track,With My Own Two Hands,2003,1Xb8GfUSYCqAkcNrd6pW0M
582,Muse,rock,track,Apocalypse Please,2003,2aQnAQMdzPM1kJteExCnYG
583,Muse,rock,track,Thoughts of a Dying Atheist,2003,37Z46YLWkgwBoouUmyFOuM
584,Maria De Los Angeles,rock,track,QUE CASUALIDAD,2003,6zqLakUSKB6byORcN4p0Fh
585,Intoxicados,rock,track,Una Vela,2003,5TQlPe23rDgLkgbpEgWUnI
586,The Beautiful Girls,rock,track,La Mar (The Ocean),2003,0WuWrW1N8ofJBjM5ZHkFjH
587,Babasonicos,rock,track,Risa,2003,3L55aSsDkT5ojgy3WXjh7s
588,Radiohead,rock,track,Sit Down. Stand Up,2003,6MKWCO8g2W05UcaFyfQ6Cl
589,Travis,rock,track,Re-offender,2003,4QGPvW7N2si8fGJFc7h2ET
590,Jack Johnson,rock,track,Rodeo Clowns,2003,422qOiUJZCd7SaEyoPAEnQ
591,Jack Johnson,rock,track,Wasting Time,2003,5nb0BEZqsmQYseSPJ932K8
592,Placebo,rock,track,Johnny and Mary,2003,6gTHiudlEkIV5OKDlMH4om
593,Three Days Grace,rock,track,Home,2003,11RUCSAgpexhJSMmcuO4h2
594,Linkin Park,rock,track,Easier to Run,2003,17bgialGAwoiGj1STY4cnR
595,Travis,rock,track,Love Will Come Through,2003,2izfjg0fdiyy7DJvYwHwvL
596,Radiohead,rock,track,Myxomatosis,2003,3MW7yZK3kKtjsmJpsvBwyf
597,The Strokes,rock,track,I Can't Win,2003,7eX5SypK35V8Y9d9pS6rWy
598,Placebo,rock,track,Sleeping With Ghosts,2003,5Wa66vmcJPuTs9PlAdGVp7
599,Talk Talk,rock,track,It's My Life,2003,6m7fhJkK6TbuGDFhBNpgyn
600,Chris de Burgh,rock,track,The Lady In Red,2004,299DcgCg1Grd1G16QBrHKH
601,JAY-Z,rock,track,Jigga What / Faint,2004,4pnFRnCOfaETea25g0YSvG
602,Mancha De Rolando,rock,track,Arde la Ciudad,2004,3SyKG06yOK3omo29EwZ8dP
603,Catupecu Machu,rock,track,A Veces Vuelvo,2004,2E2dLZK0gSTl6vjr53BfKM
604,Callejeros,rock,track,Rocanroles Sin Destino,2004,46yA2K9FA0PaCbeWkezvFC
605,La Vela Puerca,rock,track,Llenos De Magia,2004,2q0k5EsonFQ2dgzpfUJRpu
606,The Killers,rock,track,Jenny Was A Friend Of Mine,2004,60eVCXFCuw1WYswBuNZc4H
607,Bunbury,rock,track,El rescate,2004,6otCK8JnSGX23ZAlyqYfMj
608,Franz Ferdinand,rock,track,This Fire,2004,3Obu3jvFSfgLF3pSbi64Vj
609,JAY-Z,rock,track,Points of Authority / 99 Problems / One Step Closer,2004,65eohvrL4ttjA7EfFkQOhX
610,Callejeros,rock,track,Prohibido,2004,5kfg05FFAsnW4ikMqSfI3g
611,Los Tipitos,rock,track,Campanas en la Noche,2004,0C9V5jMElp7laZZdsCHufD
612,JAY-Z,rock,track,Dirt Off Your Shoulder / Lying From You,2004,47SJcoi329tD5TwD6m9CJ4
613,Seether,rock,track,Broken,2004,507bYMYfbm6sUS9iEAaeSd
614,Modest Mouse,rock,track,Float On,2004,2lwwrWVKdf3LR9lbbhnr6R
615,Vicentico,rock,track,Los Caminos de la Vida,2004,1crk0MXXyFQ1zVow6YTJOo
616,Phil Collins,rock,track,A Groovy Kind of Love,2004,5OHUTC4EvTbL0DuZQRIGGX
617,The Hives,rock,track,Walk Idiot Walk,2004,5Pdd4QCr0rREXM03zBM2Eh
618,Franz Ferdinand,rock,track,The Dark Of The Matinée,2004,6gaWfLDoeG1eoiDAVBN4i8
619,Callejeros,rock,track,Una Nueva Noche Fría,2004,39KmBOGkD1ztCbVeo2uspA
620,Arcade Fire,rock,track,Rebellion (Lies),2004,0xOeB16JDbBJBJKSdHbElT
621,Rata Blanca,rock,track,Mujer Amante,2004,4eCrF1FgVL4se3AkHOnLDL
622,Rata Blanca,rock,track,La Leyenda Del Hada Y El Mago,2004,7wuDJMcpXaIxRvJq7iG2bM
623,Alaska Y Dinarama,rock,track,Ni tú ni nadie - Re-Mix,2004,6Tv0aLcRRxgbK8ZNeSbFEw
624,The Killers,rock,track,All These Things That I've Done,2004,5vollujufHY0jMZxx77VWr
625,Turf,rock,track,Pasos Al Costado,2004,7upAH0ezzsThyvr33YKn4u
626,The Killers,rock,track,Somebody Told Me,2004,6PwjJ58I4t7Mae9xfZ9l9v
627,Airbag,rock,track,Solo aquí,2004,0OcYoSGA1CFGZcCuPLyfhj
628,Arcade Fire,rock,track,Wake Up,2004,6Hmj7SrLRbreLVfVS7mV1S
629,Donavon Frankenreiter,rock,track,It Don't Matter,2004,2UjGyCvayHjGihV3oLhD8a
630,Andrés Calamaro,rock,track,Estadio Azteca,2004,03Ntkzzjkz7nFJldcPbL90
631,U2,rock,track,City Of Blinding Lights,2004,2R3wzFFjNYc1z3PSoO8FNV
632,Andrés Calamaro,rock,track,Algo contigo,2004,4VJZMZV7U4KK2GE4sSThVM
633,Bersuit Vergarabat,rock,track,La Soledad,2004,56mbNpJVn5WQhOlsOvb2A0
634,U2,rock,track,Vertigo,2004,1gVVSmhWjci8l9Vrsl6HaS
635,Los Enanitos Verdes,rock,track,Tu Carcel - En Vivo,2004,1lAFWiaVhJhvQ5Gtzp6vSu
636,Donavon Frankenreiter,rock,track,Free,2004,2BJy5YrRMhVCqaLNY5cbv2
637,Green Day,rock,track,Boulevard of Broken Dreams,2004,1hwJKpe0BPUsq6UUrwBWTw
638,La Vela Puerca,rock,track,Va A Escampar,2004,4MPwBYidOWnwpKlqQYJEzX
639,The Killers,rock,track,Smile Like You Mean It,2004,3KANrKOFYyAxfjQJHkgBdb
640,Keane,rock,track,Everybody's Changing,2004,0yac0FPhLRH9i9lOng3f81
641,Mark Knopfler,rock,track,The Trawlerman's Song,2004,1Wsr7giAA9iTER7UZV1qhU
642,U2,rock,track,Sometimes You Can't Make It On Your Own,2004,6fzcnVO0X2cpYjsHk19GJo
643,The Killers,rock,track,Somebody Told Me,2004,3twNvmDtFQtAd5gMKedhLD
644,La Vela Puerca,rock,track,Zafar,2004,1wIUWGdTdhVk5gIPd0ULxX
645,The Killers,rock,track,Mr. Brightside,2004,003vvx7Niy0yvhvHt4a68B
646,The Verve,rock,track,Bitter Sweet Symphony,2004,1WYEDcS7WGjv0rG7rmMX3o
647,Keane,rock,track,Somewhere Only We Know,2004,1SKPmfSYaPsETbRHaiA18G
648,Franz Ferdinand,rock,track,Take Me Out,2004,20I8RduZC2PWMWTDCZuuAN
649,The Killers,rock,track,Mr. Brightside,2004,3n3Ppam7vgaVa1iaRUc9Lp
650,Bersuit Vergarabat,rock,track,La Argentinidad Al Palo,2004,1Cjz1OChOaUmrHR95lzYee
651,Nirvana,rock,track,Sappy,2004,7tUtvGeKB2V5W5ms6uBlyC
652,A Perfect Circle,rock,track,Passive,2004,7slyp653Si99N4yQcJ2E9T
653,Alter Bridge,rock,track,In Loving Memory,2004,0T9tbj6zsRKLiUx06sbOWX
654,Memphis La Blusera,rock,track,La Flor Más Bella,2004,2XTVsbAnuVs3Q0HkJaTZBH
655,Illya Kuryaki & The Valderramas,rock,track,Abarajame,2004,3uLlpzZGQCMfhM0kmuI4qn
656,Alter Bridge,rock,track,Broken Wings,2004,7ePjtuqKqa0ZbzznCNqiEf
657,Jóvenes Pordioseros,rock,track,Descontrolado,2004,3KDClBkoakbdF0pSdF2PP7
658,Bersuit Vergarabat,rock,track,El Viento Trae Una Copla,2004,47FUHIQxAfah44tYUGBsrC
659,Embrace,rock,track,Gravity,2004,4QIFS5XokMBJjfAdZjABPV
660,La Vela Puerca,rock,track,En EL Limbo,2004,0NoFZ4BKeZw0qLDEC90hMc
661,Molotov,rock,track,Amateur (Rock Me Amadeus),2004,0cOXDRG1giESc1QVrHpbGE
662,Indio Solari,rock,track,El Tesoro de los Inocentes,2004,6RZZtPtwZdiYmqRGZhRlW8
663,Pearl Jam,rock,track,State of Love and Trust,2004,6GUoi7rEtaX4grD61qr0uP
664,Velvet Revolver,rock,track,Fall to Pieces,2004,2amzrvbxYiq8AxGntIiw5V
665,Alter Bridge,rock,track,Open Your Eyes,2004,3Gbyl3XZVeEcnFPiiPR09n
666,The Killers,rock,track,Change Your Mind,2004,2N7TN76tLuTcdn9UlS8ADT
667,Maria De Los Angeles,rock,track,Así Fue,2004,3oXJNYlJhvjdPJleqZvxXh
668,Callejeros,rock,track,Tan Perfecto Que Asusta,2004,0E8XJWxq5ovryhm0gqqiXd
669,ASIAN KUNG-FU GENERATION,rock,track,リライト,2004,3txqYlzoDZGLoW8MGll9tQ
670,Arcade Fire,rock,track,Neighborhood #1 (Tunnels),2004,0WZZJ0mDKIkLfL0710ssZt
671,ASIAN KUNG-FU GENERATION,rock,track,Re:Re:,2004,0WaaPFt4Qy8sVfxKz43bCD
672,La Vela Puerca,rock,track,Clarobscuro,2004,5aXacxWAOHOZjH2uxMJ0q0
673,No Te Va Gustar,rock,track,Verte Reír,2004,6StWP4Tvs8Ci6QOCIDefYk
674,Phil Collins,rock,track,Can't Stop Loving You,2004,0uaNeGnMc0PxTEknE5ftZr
675,Viejas Locas,rock,track,Lo Artesanal,2004,3UL7KKa7HVOU8blvaVklXK
676,Los Enanitos Verdes,rock,track,Luz De Dia - En Vivo,2004,71AMvL4Fey4MwxQShk4VBR
677,Airbag,rock,track,La partida de la gitana - Si te vas,2004,0OepNUXjEJeMnrhC89ZEB8
678,Callejeros,rock,track,Imposible,2004,5Vrw8Br1PSD8OcjblU5BEV
679,La Vela Puerca,rock,track,De Atar,2004,1OP1B37Pxw12b7ixZeR0kO
680,Cheap Trick,rock,track,Surrender,2004,669cOBjpY4Y5O98Nmk6139
681,Callejeros,rock,track,Un Lugar Perfecto,2004,6lE5O6snSwwoKZo4EiKTKB
682,Catupecu Machu,rock,track,Magia Veneno,2004,6zielPkg61vCK5DfqqvjE9
683,Mark Knopfler,rock,track,Postcards From Paraguay,2004,2u6WC2poc9qYgEN17nGRuM
684,Lenny Kravitz,rock,track,Where Are We Runnin'?,2004,4ouIWkFspNZYFO87Gdufxb
685,La-33,rock,track,La-33,2004,0igexfEkyeWZYNtBFoNRfS
686,Viejas Locas,rock,track,"Nena, Me Gustas Así",2004,49nF7vzCs1VCy9dhzPQIUU
687,Pixies,rock,track,Where Is My Mind?,2004,0m5uRpKPNyIOxgRYrw2wpZ
688,Maria De Los Angeles,rock,track,Vas a llorar,2004,2AvsxXEQuvXPD3CZGPOyNl
689,Los Tipitos,rock,track,Silencio,2004,0lZLhOrIYSAnMeEICJnYSH
690,Maria De Los Angeles,rock,track,SE ACABO QUIEN TE QUERIA,2004,3hOebOHTTXf5jfCJpyPWyB
691,Breaking Benjamin,rock,track,Blow Me Away - Soundtrack Version,2004,7js2TSkQLuRWBIQ4HSTAv2
692,Interpol,rock,track,Slow Hands,2004,4ZTczxCALS91VjEKWPX2DR
693,Turf,rock,track,Magia Blanca,2004,4PfoTZ8nDhWEZNeDpLxy7G
694,The Hives,rock,track,Two-Timing Touch and Broken Bones,2004,5F7AoCwgftgUdGUgd57RVE
695,U2,rock,track,Original Of The Species,2004,6ml01NkC9AfM4OICOtRxEY
696,Bersuit Vergarabat,rock,track,El Baile De La Gambeta,2004,7DJsWO52WQMY9tR6mZexHV
697,Interpol,rock,track,C'mere,2004,3pMwglyzw9Q1WRk6IIIwX8
698,Juanes,rock,track,A Dios Le Pido,2004,5dQVYFtcLA4pvTRiTFRFkC
699,Bunbury,rock,track,Que tengas suertecita,2004,4GLAKRq1jXptGMtpvtqMYy
700,Neil Young,rock,track,Rockin' in the Free World,2004,1MBViQdQQXlRgwRCpa5CfE
701,Indio Solari,rock,track,El Charro Chino,2004,2W7KHLnwmOSGQu2QFcVgIg
702,Eric Clapton,rock,track,Sweet Home Chicago,2004,2SrJs30sg11tsG1jfmHPxQ
703,JAY-Z,rock,track,Izzo / In the End,2004,39sUeHQoIGY6BEIcgTMRXW
704,JAY-Z,rock,track,Dirt Off Your Shoulder / Lying From You,2004,7dvd3b2oz7AFgXrPBIIYxR
705,Tommy february6,rock,track,I ONLY WANT TO BE WITH YOU,2004,3PCHt5cYf3LCYqyzud6szS
706,Pedro Suárez-Vértiz,rock,track,Como las Mariposas,2004,7guD52BYWJ9QGtYsdAUhNu
707,Phil Collins,rock,track,One More Night,2004,6vyZfDArwB7MdASSjFsl9y
708,Mancha De Rolando,rock,track,Donde Vamos,2004,5h6BXdnXh4IWFhHeUxgbrr
709,Skank,rock,track,Vamos Fugir,2004,7dxK6RSoCWZcb5gobxs1h9
710,Weezer,rock,track,Say It Ain't So,2004,56MEbUIvvfEEkLIl51wxGD
711,Engenheiros Do Hawaii,rock,track,Infinita Highway - Ao Vivo,2004,0yDvCGnKcBuv0ltINV0nuu
712,Breaking Benjamin,rock,track,Follow - Radio Edit,2004,2busyK7jKVJaZN4Q6gZqKw
713,Crossfade,rock,track,Cold,2004,6ZxrUCaynLgKSUudACOTwj
714,The Killers,rock,track,All These Things That I've Done,2004,0OpSYP9Oly3SqmeIgiRnzT
715,Viejas Locas,rock,track,Balada Para Otra Mujer,2004,4TuMGTbSaQgglubL8bcyTp
716,Nirvana,rock,track,Verse Chorus Verse - Outtake,2004,27sz8XfkjnUqTRJwxjHrS1
717,Arcade Fire,rock,track,Neighborhood #3 (Power Out),2004,1kAZE1Wtwg8sd7lCyLUweb
718,Bushido,rock,track,"La felicidad (feat. Shuarma, Bunbury, Carlos Ann, Morti)",2004,1vGlBu5d4LXexzfLWxQVXt
719,Mark Knopfler,rock,track,Our Shangri-La,2004,0zcqqEOLP18SD2gdzoCcjj
720,Franz Ferdinand,rock,track,Take Me Out,2004,4YWQy3UEKgFCOGIF0Sg72B
721,The Hives,rock,track,Abra Cadaver,2004,0G6QAcpE74VcWpB6hMNMtC
722,Los Abuelos De La Nada,rock,track,Costumbres Argentinas - En Vivo,2004,5kRFlfWSTdQXl6AATz3xn8
723,Interpol,rock,track,Take You on a Cruise,2004,5YffUAjCKJh3Y7zp5Gh4CU
724,Molotov,rock,track,Marciano (I Turned Into A Martian),2004,6JyiKXAFeheQ8NEk94GxA0
725,Incubus,rock,track,Talk Shows on Mute,2004,36UaSfZbXdiYra3nBeXMZK
726,No Te Va Gustar,rock,track,Al Vacío,2004,2Et0SWz6wuSONAROBvCY71
727,Interpol,rock,track,Narc,2004,1GTIlxu5lJzZpT19FmOGnF
728,Alfredo Pardo- Spanish Pop,rock,track,Sufre Mamón,2004,0Y2YfJRl4qNj5qIvmfEhSJ
729,Callejeros,rock,track,Jugando,2004,0lthZkEB6e3XyykcQwCjkY
730,Turf,rock,track,No Se Llama Amor,2004,7q6HXszBhfxTPHWOxw8ehb
731,Lordi,rock,track,Blood Red Sandman,2004,3JrAqh4lKHQ3blXdGRx5O5
732,U2,rock,track,Miracle Drug,2004,2b6pyyrxfP79LhV2hLtTm4
733,Franz Ferdinand,rock,track,40',2004,3Am4yxuwBTorY6kaqX31zE
734,The Rolling Stones,rock,track,"Paint It, Black - (Original Single Mono Version)",2004,7lY8aoN3wUR3NY4nUwigPv
735,Mark Knopfler,rock,track,Postcards From Paraguay,2004,41xLMZFjxXWXKVMmAOfL8I
736,Pearl Jam,rock,track,Man of the Hour,2004,1bNhE6XO6lU4wwWPNWsZtd
737,Lamp,rock,track,Last Train At 25 O'clock,2004,3VPBPBZKxQu3bqeuzz8gRm
738,Citizen Cope,rock,track,Bullet and a Target,2004,3r7gP3kGBkldTrOO6ebMGy
739,Calvin Russell,rock,track,A crack in time,2004,63DA8d1KZBVyX3oFUuFKi7
740,Andrés Calamaro,rock,track,Volver,2004,506UYfuaVnAQLQcuujolJM
741,Donavon Frankenreiter,rock,track,What'cha Know About,2004,5UewA4LJwHD3KqEuD0iwXD
742,Franz Ferdinand,rock,track,Jacqueline,2004,3tc0yir2NHwhzVWZnmukhS
743,Donavon Frankenreiter,rock,track,On My Mind,2004,2Ztu9QCMySsXe4zBWsWqcd
744,Callejeros,rock,track,Distinto,2004,4iPSCHNwPeO6botB5lNTDi
745,Hombres G,rock,track,Qué soy yo para ti,2004,2vnMY0A72GKY9DJey7bzMd
746,Keane,rock,track,Somewhere Only We Know,2004,2slll7iPbwCD4IwdgcZN69
747,Bunbury,rock,track,Canto... el mismo dolor,2004,1boxzAIByOzRhopCsD6PhG
748,Michael McDonald,rock,track,"Stop, Look, Listen (To Your Heart)",2004,6eKRQdKMtSWnlApt4x2aIX
749,Nek,rock,track,Laura no està,2004,5jbG38paHIeVJc57uXUNYt
