,Artista,Género,Tipo,Nombre,Año,ID
0,Sean Paul,reggae,track,Infiltrate,2000-08-08,0ru8bc0XnKjUL2O1Fl1k7a
1,Sean Paul,reggae,track,Deport Them,2000-08-08,5KhypMVGqMI9mgsrrv2lxc
2,Shaggy,reggae,track,"Luv Me, Luv Me",2000-08-08,7hV4x7PMKGC4qD3NWLt2UJ
3,Maskavo,reggae,track,Um Anjo do Céu,2000-08-08,2YgAAAq8h7nPIMVLVVSHtK
4,Gondwana,reggae,track,"Verde, Amarillo Y Rojo",2000-08-08,4Q0y0SOAJ84PvR2Uu6tGXv
5,Ganja,reggae,track,Caminando,2000-08-08,5hirK8wva1Nh38fVwWdLlc
6,UB40,reggae,track,Here I Am (Come And Take Me),2000-08-08,6YR2MkzMhojHBmW1TbXtZO
7,Los Rabanes,reggae,track,Señorita a Mi Me Gusta Su Style,2000-08-08,2jvsbpAxcBkFp6VScarkzT
8,Capleton,reggae,track,Jah Jah City,2000-08-08,1QwrhGl2I3D0aNdRQ5YFtm
9,Culture,reggae,track,Humble African,2000-08-08,0Vzgfs70Aavn0nKDMmJCG8
10,Ska-P,reggae,track,Violencia Machista,2000-08-08,2ajDO2C9UGwKJrU2uIWoLE
11,Los Cafres,reggae,track,De Mi Mente,2000-08-08,1b8V0hvwAP8dO4xxrvvoXK
12,Ska-P,reggae,track,ETTs,2000-08-08,5fSS4Ohnt5GHIVY6Ypi3rH
13,UB40,reggae,track,If It Happens Again,2000-08-08,4snAWp4mA5DFa2plpH6ch7
14,UB40,reggae,track,Kingston Town,2000-08-08,1YGh2uqJYfSpFQ3DDnMJV5
15,Ska-P,reggae,track,Mestizaje,2000-08-08,2FtUCcJTBE2bb0mdZtzlFI
16,The Specials,reggae,track,Ghost Town,2000-08-08,6ewN9MaFbi78oDLT9wYDgn
17,UB40,reggae,track,(I Can't Help) Falling In Love With You,2000-08-08,7aR1QwbQa26sjDXiVMLik4
18,UB40,reggae,track,Tell Me Is It True,2000-08-08,2VAIOwbPEFlIA0DpFo4RwA
19,UB40,reggae,track,The Way You Do The Things You Do,2000-08-08,42HaJ7QlInzQ5vHKWb5Ixa
20,UB40,reggae,track,Light My Fire,2000-08-08,2pcEb3qZ85Zdegn1cowQNu
21,Ska-P,reggae,track,Lucrecia,2000-08-08,1MKZIXBpF3K4FzXthCuzyQ
22,Gondwana,reggae,track,Dulce Amor (Sólo Un Latido),2000-08-08,23d6sogOKvZOx7XtSEeNVs
23,Ska-P,reggae,track,La Mosca Cojonera,2000-08-08,3wms72Uwbi40KXE3moX3cf
24,Los Cafres,reggae,track,Aire,2000-08-08,2hkJ7fYPM5V27pjxiPG2gg
25,Goldfinger,reggae,track,99 Red Balloons,2000-08-08,0rOTMSSa6yscfOrGnzfheM
26,UB40,reggae,track,I Got You Babe,2000-08-08,3UNa2iZNHZ8cDvzXSNVrUZ
27,Sade,reggae,track,Lovers Rock,2000-08-08,77lKjGkhvWuimTzQxA4STK
28,Gondwana,reggae,track,Antonia,2000-08-08,51LZ2XHdETvNLQ6SKqTjWF
29,Ska-P,reggae,track,Naval Xixon,2000-08-08,13ZYIzN5q2xJ04VCWcN6zg
30,Culture,reggae,track,Why Am I A Rastaman?,2000-08-08,41r3Hd6pRHg4YKA6cACcDQ
31,UB40,reggae,track,Rat In Mi Kitchen,2000-08-08,2ojhyfZMmaXQFqA1YLofwo
32,Ska-P,reggae,track,A la Mierda,2000-08-08,4GERduHBPVmh9ECjBtEPA4
33,UB40,reggae,track,King,2000-08-08,2f4J3ZsIqKHDzTVWKaagte
34,UB40,reggae,track,Bring Me Your Cup - Edit,2000-08-08,2xzpFiJhL9E8fRwdI7PPHI
35,UB40,reggae,track,Watchdogs,2000-08-08,3n83MHEFQnZa5VNJzxIrzk
36,Ska-P,reggae,track,Derecho De Admision,2000-08-08,5fXxNenB01Y2BjqRlwJSnO
37,UB40,reggae,track,I Got You Babe,2000-08-08,1dm4aH91JXQpQ0aYWp7xoQ
38,UB40,reggae,track,Higher Ground,2000-08-08,62GbYylTNfRNZnA4HbGaNP
39,UB40,reggae,track,Red Red Wine,2000-08-08,3dRmLxr7tXNsHWYJubwF6G
40,Ska-P,reggae,track,Eres Un@ Mas,2000-08-08,0awiprd9BQ4vXukC5aD6Nw
41,Ska-P,reggae,track,Planeta Eskoria,2000-08-08,1gU2mB0VSVvEe97g50QpYo
42,UB40,reggae,track,Kingston Town,2000-08-08,6MTLpOuPg9qfbiJpUXB5qh
43,Ska-P,reggae,track,Tio Sam,2000-08-08,3Re4NbN9tBTh7lwVDgcZ5V
44,UB40,reggae,track,Bring Me Your Cup - Edit,2000-08-08,0ffQpiShZZKtDN06L84FCJ
45,King Chango,reggae,track,Sin Ti,2000-08-08,3SPoI7e9GoO1gSOYXi0Fxo
46,Ska-P,reggae,track,Vergüenza,2000-08-08,2wOfJd9azprQrbE6uTJD6u
47,UB40,reggae,track,(I Can't Help) Falling In Love With You,2000-08-08,18YJrsXwyJL7dqCtikZ3PU
48,UB40,reggae,track,Red Red Wine,2000-08-08,4uOKFydzAejjSFqYbv1XPt
49,Shaggy,reggae,track,Angel,2000-08-08,7FDV5ELOJHCGLe52AnttEd
50,Shaggy,reggae,track,Hope,2000-08-08,5whIG7u2VjyILwGqm9dkDD
51,Capleton,reggae,track,Who Dem,2000-08-08,1dDHDZWp1j4fkCdGRnopKq
52,Shaggy,reggae,track,Keep'n It Real,2000-08-08,7cvop8FcQdqP6qfVmQLkdD
53,Shaggy,reggae,track,Why Me Lord,2000-08-08,7JWIfIICkit2pXeLbdxiZF
54,Beenie Man,reggae,track,Girls Dem Sugar,2000-08-08,3j8EEMm9kbPLqByuaHmUmQ
55,Banda Beijo,reggae,track,Bate Lata,2000-08-08,2ATL6pmlSKBxn9M2U9Qp4t
56,Ara Ketu,reggae,track,Amantes,2000-08-08,6EbbpFc64M1VBp7E29qnQv
57,Beenie Man,reggae,track,Dancehall Queen (feat. Chevelle Franklyn),2000-08-08,6LGTXFy9KNQeBjUHT9fPFh
58,UB40,reggae,track,Don't Break My Heart,2000-08-08,0YUwrzyUcS5wIYUWkXCAbl
59,Los Cafres,reggae,track,Sin Gamulán,2000-08-08,1ccEBfPmipV4R41R6Y3ouy
60,UB40,reggae,track,Cherry Oh Baby,2000-08-08,7zbuCaBemBX0dMnqSTztl1
61,UB40,reggae,track,One In Ten,2000-08-08,1dKfteL9OIYuFOCwBzV0SB
62,Barry Biggs,reggae,track,Love Come Down,2000-08-08,4VHtdJ0ekkxK9OG5SEwHZ9
63,Bob Marley & The Wailers,reggae,track,Mr. Brown,2000-08-08,0zGXPikeXaT7NHTIBhQM7T
64,The Specials,reggae,track,Do Nothing,2000-08-08,10mO8USTvhC0rMMvRPPZWg
65,Los Pericos,reggae,track,Runaway - Live,2000-08-08,5blxpfx1eNYeA9y7jDUTT6
66,UB40,reggae,track,Rat In Mi Kitchen,2000-08-08,0o7tBKZHvWPJB17wQx1Q8w
67,Cutty Ranks,reggae,track,Limb By Limb,2000-08-08,6lZpBmEGZDVTpxjJZ5slAN
68,Bob Marley & The Wailers,reggae,track,Small Axe,2000-08-08,2GtNJwcRdlBH7ulwl4yFyx
69,UB40,reggae,track,Until My Dying Day,2000-08-08,2y9WjMBxurTYQPxCPGXLgl
70,UB40,reggae,track,The Earth Dies Screaming - Edit,2000-08-08,5hHBRGPaCPL3GnLWRStRoh
71,UB40,reggae,track,Food For Thought,2000-08-08,7xLFoBLKymnhIaaSBS9vpv
72,10 Ft. Ganja Plant,reggae,track,Walkey Walk Tall,2000-08-08,49X280IOWye1tFuIvsD5sS
73,Los Pericos,reggae,track,Eso Es Real - Live,2000-08-08,44wRvFEiNuKlWp4DmBJSyZ
74,Jackie Mittoo,reggae,track,Totally Together,2000-08-08,26g0RB8H1F8GVCyC27zG6I
75,Harry Belafonte,reggae,track,Jump in the Line,2000-08-08,6KkAC41nNRiWA6w3ZD9cJ8
76,Seeed,reggae,track,Papa Noah,2000-08-08,2cxfEfp2dU4QtypUYcZl2j
77,Seeed,reggae,track,Riddim No 1,2000-08-08,1ooatRQWNtl4jB7hQoanFz
78,UB40,reggae,track,Higher Ground,2000-08-08,3aggzBl59puBLxg6ktaqie
79,Los Pericos,reggae,track,Nada Que Perder - Live,2000-08-08,1XkBIrIQN5NoREiSyaTAmI
80,Prince Buster,reggae,track,Don't Throw Stones,2000-08-08,6dzAIxWJ7MhwH4iGmjGxgn
81,Terra Samba,reggae,track,Latinha De Cerveja,2000-08-08,18x3R1DdtcFPJ0mckjildc
82,Los Pericos,reggae,track,Ocho Ríos - Live,2000-08-08,4ZaDJD9pWqgxW4kxzQrIjY
83,Jackie Mittoo,reggae,track,Summer Breeze,2000-08-08,5Yu5gDFUjPqxUT5PHEJdIR
84,Los Rabanes,reggae,track,Perfidia,2000-08-08,6P187fxZ0btnCRTy5Xql2Y
85,UB40,reggae,track,Sing Our Own Song,2000-08-08,71P1uKwq0a4J4KUhwhy9qw
86,Dirtsman,reggae,track,Hot This Year,2000-08-08,0Pp9uh741YQbUAcAJlb2RJ
87,Los Pericos,reggae,track,Boulevard - Live,2000-08-08,0a7DgM90xUXYZCgArsEIuA
88,Jennifer Lara,reggae,track,I'm In Love,2000-08-08,7LCD89We5JZALirKxgsGXM
89,Gondwana,reggae,track,Alabanza,2000-08-08,1z7SPFBf9NlA4F2c6AvVQ7
90,Los Pericos,reggae,track,Sin Cadenas - Live,2000-08-08,10VPz4veMzaJx2avRqQyxW
91,Giuliano Palma & The BlueBeaters,reggae,track,Wonderful Life - Remastered 2023,2000-08-08,3PSAE8fUwoRNPrUAnnluxt
92,The Specials,reggae,track,Stereotype,2000-08-08,22Vftb3jOTa8IPZwQI1L61
93,10 Ft. Ganja Plant,reggae,track,Chalwa,2000-08-08,7BLo3vat0B8BCQD50WOjum
94,Chaka Demus & Pliers,reggae,track,Bam Bam,2000-08-08,07IMOzCQZJPrwSSDmlo2vv
95,Los Cafres,reggae,track,Waitin en Vano,2000-08-08,03eLaRGb1oZgmtGSrMuoty
96,Culture,reggae,track,Revolution,2000-08-08,7vbTbQhjxoiqiV4qxL1DaN
97,Ska-P,reggae,track,El Autentico,2000-08-08,15pI474vmLftBU7FV8LZF7
98,Los Pericos,reggae,track,Voy Caminando Lento - Live,2000-08-08,7yEbY15xQmLCEstpmx6W5z
99,Ska-P,reggae,track,Como Me Pongo,2000-08-08,6SJ6OfGVsFaO2R1eUdZFeB
100,The Specials,reggae,track,Racist Friend - Edit,2000-08-08,1XGurZjVkgciMcr0phDFVw
101,Ara Ketu,reggae,track,Face Oculta,2000-08-08,5LTwjTZjxnpAe0o0h5RgY0
102,Jackie Mittoo,reggae,track,Get Up and Get It,2000-08-08,5AVhTKB8qBi7PUNFoXYnQ9
103,Jah Spirit,reggae,track,My Girl - Reggae Style,2000-08-08,69SJz5zBMWngc17HfmupHd
104,UB40,reggae,track,If It Happens Again,2000-08-08,1KhSlLDEGsVyz8MlJsO3ma
105,Goldfinger,reggae,track,Counting The Days,2000-08-08,3M9ybg6UIG0Ude7uDihJRm
106,Resistencia Suburbana,reggae,track,Cuidado,2000-08-08,4G1ojYqVwpYYoFN52SoSyM
107,Wayne Wonder,reggae,track,Watching You,2000-08-08,0YfTOk4thT06YgPwLpCWHP
108,Shaggy,reggae,track,Leave It To Me,2000-08-08,5L8MxayXG6D3FWUDDmBmzL
109,Jackie Mittoo,reggae,track,Oboe,2000-08-08,3R0EhRQKxplZ32K37xwqDU
110,Glen Washington,reggae,track,Strangers In The Night,2000-08-08,74NtKdZvxIPgZCWMSWPQjd
111,Gondwana,reggae,track,Keep The Faith,2000-08-08,2Qq4l3G6w6WdfM1rKrEqBe
112,Los Pericos,reggae,track,Waitin' - Live,2000-08-08,0q7LR23IYycIYTUJuTrQiF
113,Culture,reggae,track,Poverty,2000-08-08,0n0x4ZTL0Q8ywLyo8ayoHk
114,UB40,reggae,track,Light My Fire,2000-08-08,0Nqcp3idH9rXOLDg4zlXbd
115,Dr. Calypso,reggae,track,Cineccita,2000-08-08,4nN1j6X5Umi7O3Evesw2j6
116,Swayzak,reggae,track,Illegal (with Benjamin Zephaniah),2000-08-08,1HYwdy16VbWnZNG45r19DM
117,Rastrillos,reggae,track,La Musica,2000-08-08,1UWRoVKwatWvKCMFfn6Z6P
118,UB40,reggae,track,Food For Thought,2000-08-08,0GVAZ5OvagIPfAsuiIWCE8
119,La Mosca,reggae,track,No Te Despiertes Mi Amor,2000-08-08,6xAVuRNW0h3eR5oUbtSHNq
120,Shaggy,reggae,track,Hey Love,2000-08-08,1tBB4wuK0gw2liPTms0bnX
121,Freddie McGregor,reggae,track,I See It In You,2000-08-08,6u9q7kZAtPyTu2tO3mHXci
122,Justin Hinds,reggae,track,Rub Up Push Up,2000-08-08,3Pw5U5rugikTmuKvVNJOly
123,Lord Kossity,reggae,track,Morenas,2000-08-08,2oZ1ay8QsrKQxxH1kGjorL
124,The Mighty Mighty Bosstones,reggae,track,So Sad To Say,2000-08-08,6aSvrNcJuoKOA9uwMXZI1D
125,UB40,reggae,track,Sing Our Own Song,2000-08-08,266LLalLevmzLid2Vt8wxR
126,Elephant Man,reggae,track,Punanny Medley,2000-08-08,5GEid99RgStd0cQIhAlGHQ
127,UB40,reggae,track,Tell Me Is It True,2000-08-08,4Bw8iyN9swGbZ1sHW9F2nR
128,Los Pericos,reggae,track,La Hiena - Live,2000-08-08,53KpwSYYESclfokgvcbiPH
129,UB40,reggae,track,Come Back Darling,2000-08-08,2Iy1tle7f4OHFB9u7thUNW
130,Brother Culture,reggae,track,Foundation Rockers Dub (Disciples Dub Mix),2000-08-08,1hjlTHxIn3cmFAlX17Yi5y
131,Capleton,reggae,track,Stand Tall,2000-08-08,6EpY2zBpain6kUYZqhfgRN
132,UB40,reggae,track,Cherry Oh Baby,2000-08-08,39a8Yl8PWJeJUCKWnhtQC9
133,UB40,reggae,track,One In Ten,2000-08-08,1Emtpza9uUO1UY7gXC4Z16
134,King Chango,reggae,track,I Don't Care,2000-08-08,6HdD9uyf8yWCr88NuRmkRg
135,Junior Kelly,reggae,track,Love So Nice,2000-08-08,0ks5sXa1iEMvtVbYOsfiNq
136,UB40,reggae,track,Don't Break My Heart,2000-08-08,5M58wbtfIbRGBISCsenRnV
137,Jackie Mittoo,reggae,track,Wall Street,2000-08-08,1AqdE3WGQHiHpAnsXQogWK
138,Dennis Brown,reggae,track,Money in My Pocket,2000-08-08,7yM5zF56kPmyq7my2QSpYG
139,Los Pericos,reggae,track,Su Galán - Live,2000-08-08,2l78fiFKx1g1Goi6ftiWb6
140,Gondwana,reggae,track,Defendamos,2000-08-08,2KT2sqjXGxBY4YkWNX56XM
141,UB40,reggae,track,Many Rivers To Cross,2000-08-08,2k30m5fkuw0IRiHQUll0ry
142,Giuliano Palma & The BlueBeaters,reggae,track,Che Cosa C'è - Remastered 2023,2000-08-08,4niyY5XI87mZlNnjpvNjx0
143,Patrice,reggae,track,Everyday Good,2000-08-08,24KfvPgT2ALyAaGYfzbnUe
144,Los Pericos,reggae,track,Jamaica Reggae - Live,2000-08-08,4mR8qo5jR2RTBRBIeT8NWl
145,Los Pericos,reggae,track,Monkey Man - Live,2000-08-08,7BIOtmZFRl5hwVjLWloBv1
146,Shaggy,reggae,track,Hot Shot,2000-08-08,1TlXLNgHVudBJ3u7evH8QV
147,Dobby Dobson,reggae,track,That Wonderful Sound,2000-08-08,46JFegy0KkJNXhZK4BPOrB
148,The Specials,reggae,track,Why? - Edit,2000-08-08,0myqYJNIpHyHAy2OS3WXOr
149,Los Pericos,reggae,track,Bajo El Mismo Cielo - Live,2000-08-08,1glWVNpv9lqorae9nSCQF1
150,Beres Hammond,reggae,track,Rock Away,2000-08-08,2RlVyAjLnGJQYp7uzpfUta
151,Beres Hammond,reggae,track,They Gonna Talk,2000-08-08,76BXmJ9QlH6zoiWVDMX35k
152,Tchakabum,reggae,track,Explosão,2000-08-08,18GyOllB82uQAy7C03p5i8
153,Tanto Metro & Devonte,reggae,track,Give It To Her,2000-08-08,00FU5uypELwgQuM9IbFC6G
154,Tijuana No!,reggae,track,Pobre de Ti,2000-08-08,17ASXCVH7zxBHC8P1dThon
155,Lucky Dube,reggae,track,Romeo,2000-08-08,0mRaWi9cXQZiHV4QHnkSM9
156,Damian Marley,reggae,track,It Was Written,2000-08-08,03M3oEPsk8WjwMlVOKBFXv
157,El Gran Silencio,reggae,track,Círculo De Amor,2000-08-08,3GZf0kWZobn4GwkujDYR7C
158,Slightly Stoopid,reggae,track,Wiseman,2000-08-08,5lCRPA4XEg4VPbNu0lDHBA
159,El Gran Silencio,reggae,track,Chúntaros Style,2000-08-08,4a0XUfmjQiRb0diHn9jVjA
160,Eve,reggae,track,"No, No, No",2000-08-08,0uYiq008XEGyl5CvbP7P5W
161,Notch,reggae,track,Nuttin Nuh Go So,2000-08-08,5bfrLQFw6AB3Be3fzvY5ER
162,Morodo,reggae,track,Crazy Staylo,2000-08-08,7yqqmZpgwKr1SjkfUqihRy
163,Morodo,reggae,track,Foxy Ladies,2000-08-08,0ytKPCdgPChW7glL3gE7ma
164,Skalariak,reggae,track,La Makina Ska,2000-08-08,5PFSFIBldta9JIxcG7y6Nb
165,Junior Kelly,reggae,track,Love So Nice,2000-08-08,3J4Chu7wi4onjN2OO8aaow
166,Freddie McKay,reggae,track,Inna Mi Yard,2000-08-08,407r6o2UR7ihF66Iwa5yht
167,Lucky Dube,reggae,track,Teach the World,2000-08-08,02RuKOK86Bp9Z7hBYaS73I
168,Skalariak,reggae,track,Vodka Revolución,2000-08-08,1adHPMDZXfLrPcOa5gjEro
169,T.O.K,reggae,track,Shake Yuh Bam Bam,2000-08-08,0K1FICY5oTLWzNTjmtQFKP
170,The Skatalites,reggae,track,Phoenix City,2000-08-08,0e65DKx9ko126NFtxHI4RL
171,Lucky Dube,reggae,track,Good Girl,2000-08-08,1mrVGvwNWFpopvdnp8oxGE
172,Jimmy Cliff,reggae,track,Wild World,2000-08-08,24Dt3Zopsc50OE9dZ741Fg
173,Ken Boothe,reggae,track,Set Me Free,2000-08-08,4HIKXWkIgfHm4m2xxvj8rb
174,Damian Marley,reggae,track,Born To Be Wild,2000-08-08,5y1RIfruRZUqbr9qIYgGu9
175,Damian Marley,reggae,track,Catch A Fire,2000-08-08,5j5CJuLXxBRP7Hu3FDHzYQ
176,Intoxicados,reggae,track,Como Ganado,2000-08-08,501OqrJklUk9nS94izCHfM
177,New York Ska-Jazz Ensemble,reggae,track,Haitian Fight Song - Collection,2000-08-08,0a0mOT4UY4fDFSn80rQn0C
178,Otis Gayle,reggae,track,I'll Be Around,2000-08-08,66xEvrqnrDWP0BC0hsQ7HO
179,Skalariak,reggae,track,Ruido,2000-08-08,2fOCChRbXVHcpGJchqEdlM
180,Terry Linen,reggae,track,Your Love Is My Love,2000-08-08,0MIL2kHQfHF5GB7YDDnfje
181,Skalariak,reggae,track,¿Quién Nos Ha Robado?,2000-08-08,6AvOKW40FGnPLI5uTymvoF
182,Tchakabum,reggae,track,Tesouro do Pirata / Dança da Mãozinha - Ao Vivo,2000-08-08,5kv4s5ryiMzvyE50SKTEfE
183,Lucky Dube,reggae,track,Love Me (The Way I Am),2000-08-08,62xnE0UZM2EgEI2AXDjahT
184,Morodo,reggae,track,Reggae Music,2000-08-08,55eth83nUdB8ECtbzY4Vqc
185,Jimmy Cliff,reggae,track,"Wonderful World, Beautiful People - Single Version",2000-08-08,0iH2q2PiyKpSvgOCSUZq5X
186,Skalariak,reggae,track,¡Estoy de Revuelta!,2000-08-08,0vol7Tplf5JxQ6apqbFgyt
187,T.O.K,reggae,track,Money 2 Burn,2000-08-08,32C1EubpNUUaGFiWpVb6dF
188,Damian Marley,reggae,track,Still Searching,2000-08-08,372wpFKwnTJdVEEIJaFQfu
189,Damian Marley,reggae,track,Stand A Chance,2000-08-08,2L2PooksClMBY0VPRB0kFM
190,Morodo,reggae,track,Céntrate,2000-08-08,5O0mqvwWmVMhi9LSDEkILe
191,Johnny Osbourne,reggae,track,Truth and Rights,2000-08-08,6GlqJG2mnJIL9dhVHku4JV
192,La Pulquería,reggae,track,Gitano,2000-08-08,3gte4MrUqajrvXLJskEsUB
193,Skalariak,reggae,track,Oligarquía,2000-08-08,6km8XdjJDNqQASeTT56wiy
194,Sergent Garcia,reggae,track,Los desaparecidos,2000-08-08,5kRPQMhi3LaYuDVy4DPi3b
195,Morodo,reggae,track,Babilonia,2000-08-08,6X8Yjdu2Xkq6j13BL8koYf
196,Manu Chao,reggae,track,Merry Blues,2000-08-08,1GsVEQfNpSuDZdz1yntZQa
197,Manu Chao,reggae,track,Mr Bobby,2000-08-08,3fHw1Y4sD4U2b0s3K4ql9I
198,Damian Marley,reggae,track,More Justice,2000-08-08,4joyVm2umM902xqTpRnUhb
199,Skalariak,reggae,track,Skalari Rude Klub (SRK),2000-08-08,2nAtFjIG82aevSNwGUZUqJ
200,Ara Ketu,reggae,track,Cobertor,2000-08-08,5tNzADohXQiP2tS66VXnie
201,311,reggae,track,Champagne,2000-08-08,4cSSUpptr7r125fK5nRJhP
202,Maskavo,reggae,track,Asas,2000-08-08,6LFAmpzXbWQEx0NWondpSM
203,Shabba Ranks,reggae,track,Mr. Loverman (feat. Chevelle Franklin),2000-08-08,4NzZftBCbGpXhca5OcfFwF
204,311,reggae,track,I'll Be Here Awhile,2000-08-08,1mHZhWJu6RVJhyu3USZdI5
205,Ivete Sangalo,reggae,track,Festa,2000-08-08,3ImdZHoYW2OFtAmEkzfVu3
206,Natiruts,reggae,track,Andei Só,2000-08-08,2lWExLBiCX9ZDYjCWZkYPN
207,Begoña Bang-Matu,reggae,track,This Is the Rhythm,2000-08-08,6lzKGFjyDi5bY2zrg6IIqy
208,Lucky Dube,reggae,track,"Money, Money, Money",2000-08-08,2urS7T3sIw9MfJD4SCtbYW
209,Damian Marley,reggae,track,Where Is the Love?,2000-08-08,5aEJ4a6TNB1kDc0gMzwjgQ
210,Banda Eva,reggae,track,Beleza Rara,2000-08-08,5PixCHUA1yvrxduD5Spj13
211,Mr Easy,reggae,track,Drive Me Crazy,2000-08-08,40BPOi4ZoY9lTjSlDvUEWB
212,Rhythm & Sound,reggae,track,Mango Drive,2000-08-08,29Bx7ullHh1OeH0lpNS0X7
213,Lynn Taitt,reggae,track,To Sir with Love,2000-08-08,1BZM9pXFh4CPBmedZlYKJV
214,Mad Caddies,reggae,track,Weird Beard,2000-08-08,6XxRTfRuUNtugAER61tveg
215,The Slackers,reggae,track,Wasted Days,2000-08-08,5z8lvQDJPOl8A7RkTOdJWQ
216,Shabba Ranks,reggae,track,Trailor Load a Girls,2000-08-08,6giPlgmydbE2NkM3J72bzD
217,Skalariak,reggae,track,Sarrera III,2000-08-08,3Ztffv9iOSU1Zb2zVw6iMA
218,Mad Caddies,reggae,track,Mary Melody,2000-08-08,3e4L4049O9QoMuD3SskKKY
219,Salmonella Dub,reggae,track,Problems,2000-08-08,2eiBYIPLyKtlWqMR1INilR
220,Third World,reggae,track,96° Degrees In The Shade,2000-08-08,7AjEPmLfvaRODX13BY4BjY
221,Damian Marley,reggae,track,Mi Blenda,2000-08-08,5nVt82S763PXiybuJpprTD
222,Rhythm & Sound,reggae,track,No Partial,2000-08-08,2bTw8WUiOpxMZ1Z8DGkDUU
223,Massilia Sound System,reggae,track,Y'a Des Fois,2000-08-08,0Y4rpjXa1jKJnF7GWXegmQ
224,Cornell Campbell,reggae,track,Natty Don't Go,2000-08-08,7inqlHZMkYbmGcJf83itXd
225,Banda Eva,reggae,track,Vem Meu Amor - Ao Vivo,2000-08-08,4KWm7ONnef0DMumAepy9av
226,Dr. Ring Ding,reggae,track,Fever,2000-08-08,1ZHtStDcCKHRBAQl9pzC62
227,Salmonella Dub,reggae,track,Tui Dub,2000-08-08,3NQKG5UQoyloAA0Mup9K0k
228,Dancing Mood,reggae,track,You're So Delightfull,2000-08-08,0HMhwzDJ4d8d6sDU0eW06H
229,Damian Marley,reggae,track,Stuck In Between,2000-08-08,5JmUDYio7c2XLbBfL8jnt7
230,Salmonella Dub,reggae,track,Push on Thru,2000-08-08,2lCCvhUazjguLODeDHHgV5
231,Horace Andy,reggae,track,Skylarking,2000-08-08,5gWfOtADwI4dezyV5mw9SP
232,Margareth Menezes,reggae,track,Dandalunda,2000-08-08,6G97Pt3DBfH3LnZM1vknWO
233,Nasio,reggae,track,Black Tuesday,2000-08-08,15g5aOfkmCFWqdqBi2SW3U
234,Massilia Sound System,reggae,track,Bouteille Sur Bouteille,2000-08-08,3QICcjYHXUZmMTecEMmaZu
235,New York Ska-Jazz Ensemble,reggae,track,John & James - Collection,2000-08-08,4ZoEV5EAxO5HrLhJ7PUMLX
236,Skalariak,reggae,track,Emakume Askea... Lur Askea,2000-08-08,0HrWuqDgROI0Ojr62fw4dA
237,Morodo,reggae,track,No Vale La Pena,2000-08-08,0nerh0k6BiQxTgkwWn3X6p
238,Los Auténticos Decadentes,reggae,track,La Marca de la Gorra - Remastered 2001,2000-08-08,0xtGp6WNgFIUhKH23E3Zzi
239,Freddie McGregor,reggae,track,Bobby Babylon,2000-08-08,5sd56zeUmkUvzmGtlIsNe4
240,High Tone,reggae,track,Mother Dubber,2000-08-08,0EXSjLL7A8JmwwZoSuOapP
241,Lucky Dube,reggae,track,Fugitive,2000-08-08,2gPANQmaC6LbPd7MlIaCgs
242,La Pulquería,reggae,track,Mil Esqueletos Al Sol,2000-08-08,7ywV47ps8B86MvR5UVu0ZL
243,Goldfinger,reggae,track,99 Red Balloons,2000-08-08,4iHITBaV9sOIukW5ABdHhI
244,Cheb Mami,reggae,track,Madanite,2000-08-08,5FHoIbTVJnhagPgAZum1qi
245,Dancing Mood,reggae,track,Eastern Standard Time,2000-08-08,69TlBdSDA3ezx8RC6cHvK1
246,Ernest Ranglin,reggae,track,Surfin,2000-08-08,5pkagzBGG4ef06SnbJXCx1
247,Los Auténticos Decadentes,reggae,track,Auténtica - Remastered 2001,2000-08-08,1eQamQ4onIRnkWHcbH0dlu
248,Los Auténticos Decadentes,reggae,track,Como Me Voy a Olvidar - Remastered 2001,2000-08-08,67dU2TAbObM9VkMouyh5SD
249,Los Fabulosos Cadillacs,reggae,track,No. 2 En Tu Lista/Contrabando De Amor - Versión Remasterizada (Live),2000-08-08,4Ly7nHWRfTgGoFXJGtrixU
250,Salmonella Dub,reggae,track,Love Your Ways,2000-08-08,5jxdHyNbAHAxMmSW6RUcG2
251,Morodo,reggae,track,OZ 2.0,2000-08-08,24AIkrGaGWn0MmBowUALkQ
252,Los Auténticos Decadentes,reggae,track,Skabio - Remastered 2001,2000-08-08,5DQcXVqGmYjQHGQ3ffKjcJ
253,Skalariak,reggae,track,La Kalle Ska,2000-08-08,74adeTTyV6gMkpLn2xPWPv
254,Shabba Ranks,reggae,track,Trailor Load a Girls,2000-08-08,4ffMDhI3p4QEh6sVVnjoYn
255,UB40,reggae,track,Rudie,2000-08-08,7niwjN3wthQimhXvvD60gL
256,Nasio,reggae,track,Where We Belong,2000-08-08,67HOf9MD725Oo8WVAvDmSp
257,The Black Seeds,reggae,track,Coming Back Home,2000-08-08,5fgqZ4wQ0IFVyfoeGe6WZ5
258,Jazz Jamaica All Stars,reggae,track,My Boy Lollipop,2000-08-08,6yaE3Sqd08W46XMEzXgvvv
259,Nasio,reggae,track,Herb And Loving roots reggae,2000-08-08,3HDCMjUTbLBD3MMhqxzJjU
260,Joyce Bond,reggae,track,Music and Love,2000-08-08,4vQAt7jj6nKsAmu7zmb7AT
261,Prince Jazzbo,reggae,track,Crabwalking,2000-08-08,0jPb2Ynp2XWiXegTqes6TR
262,Banda Kebradeira,reggae,track,De Banda - Ao Vivo,2000-08-08,5PBe08GeCyglFNb78iRhb5
263,Nasio,reggae,track,No Love,2000-08-08,6PGTLCGHXrGRICzGhmWXDc
264,Nasio,reggae,track,Ithiopia,2000-08-08,4PFwu7iTNWVGUp5FjHCRUJ
265,USCB Allstars,reggae,track,12 Steps,2000-08-08,3xWqcepZ8eUdMOP6KqWxl2
266,Nasio,reggae,track,Jah Jah See,2000-08-08,5G7uFAZkcEOdC3GUlzRqAA
267,Junior Kelly,reggae,track,Sunshine,2000-08-08,0IdO7Sj7E4nZQHAqfVbbYH
268,Morodo,reggae,track,Interludio,2000-08-08,3oeW74ooyFZ1yk2P4NfsPZ
269,Joyce Bond,reggae,track,Nice to Have You Back Again,2000-08-08,7LalwiktglVKoAg9joLSXd
270,Nasio,reggae,track,Armed & Dangerous,2000-08-08,5wIBsriVTEQQ3YmQXN7kiY
271,Terry Linen,reggae,track,That's The Way It Is,2000-08-08,3hDjP4epMNLtTs3raKUuW7
272,Nasio,reggae,track,NO BABYLON,2000-08-08,320TLTbMrIFIIUYIq4xfFX
273,Norma Fraser,reggae,track,The First Cut Is the Deepest,2000-08-08,4SIymEWS0IqR3dtPRDICjK
274,Damian Marley,reggae,track,Paradise Child,2000-08-08,04dPLx5yAEiGHKrxtCM75N
275,Terry Linen,reggae,track,Couldn't Be The Girl For Me,2000-08-08,6TV07aq3CcF9pNzNtzx7c9
276,New York Ska-Jazz Ensemble,reggae,track,Comes Love - Collection,2000-08-08,1BDLmFsjovS2ggScUn5zDq
277,Begoña Bang-Matu,reggae,track,Dias Extraños,2000-08-08,6OgioHGuByQBCXW9NetrxQ
278,Skalariak,reggae,track,Eguzkitan Edan,2000-08-08,52GI4Hmew9oYPwwDV2u5EM
279,Lyricson,reggae,track,Bad Load,2000-08-08,2fvFlKD38ltkgsuWV7W9O0
280,Skalariak,reggae,track,Nuestra Manifestación,2000-08-08,0gTr1SyywFtKFpLeYlZFl3
281,Shabba Ranks,reggae,track,Twice My Age (feat. Krystal),2000-08-08,26QHRLILFMPiRjX1ij667i
282,Jazz Jamaica All Stars,reggae,track,Confucius,2000-08-08,4S7rl0k2NQGTu0bEgTtanx
283,Nasio,reggae,track,Black and Comely,2000-08-08,0Ac2fqD9CE705dwdZzC2ix
284,Buju Banton,reggae,track,Wicked Dickie (feat. Nadine Sutherland),2000-08-08,22bCF7mgrsIci0hwSmQOiu
285,Salida Nula,reggae,track,¿Qué Va a Ser...?,2000-08-08,59Hswl8t2PcZl1ESCtFZFi
286,Los Auténticos Decadentes,reggae,track,Ya Me Da Igual - Remastered 2001,2000-08-08,4ehrtnXPQmdXxDQZIZNQQc
287,Morodo,reggae,track,Pilla Cacho - Splunch Riddim,2000-08-08,6wKS8EZlnz9XKYwQFCcfMS
288,Long Beach Dub Allstars,reggae,track,Listen to D.J.'s,2000-08-08,3fNxSEmPtRQ30thjo0ADeC
289,Le Peuple de L'Herbe,reggae,track,Reggaematic,2000-08-08,1WF1CYDyP02QDM0fhDFMy2
290,Jimmy Cliff,reggae,track,Ska All Over the World,2000-08-08,3vCRIsTY3iqBmovMktdsny
291,Anthony B,reggae,track,Good Life,2000-08-08,0gXpHYlIogt68BHIzZlsvM
292,Bandits Of The Acoustic Revolution,reggae,track,They Provide the Paint for the Picture-Perfect Masterpiece That You Will Paint on the Insides of Your Eyelids,2000-08-08,4ChDxebZnqV99jCzi7db9g
293,Lennie Hibbert,reggae,track,More Creation,2000-08-08,3QLxuwWBC8VpqnhhPUmfBv
294,Harry Belafonte,reggae,track,Jump In the Line,2000-08-08,3w6m1sTs8qXiuITB0sziwY
295,Third World,reggae,track,96°Degrees In The Shade,2000-08-08,2xeipY0O2GEo8CBOWT3GNp
296,Nasio,reggae,track,Babylon You Doom,2000-08-08,5MfwSfuNOgESXgh7ITE0fj
297,Mr. Vegas,reggae,track,She's A Ho,2000-08-08,0dCd4RFqiBtETld4Pn0xuy
298,Meganoidi,reggae,track,Meganoidi,2000-08-08,44cTYHd2t24j4H1OmPnPNh
299,Bom Balanço,reggae,track,Swing do Bum,2000-08-08,3yeAobOHr3BgP0dARELHUX
300,Bob Marley & The Wailers,reggae,track,Iron Lion Zion,2000-08-08,57bvNqmSDfAakSot4cCn70
301,Axe Bahia,reggae,track,Dança da Manivela,2000-08-08,0h3j0F7AdS6WhbjZV2ApzF
302,Jimmy Cliff,reggae,track,Reggae Night,2000-08-08,1OE5bn5HUmCqTLNpo13ya3
303,Shaggy,reggae,track,Boombastic,2000-08-08,1jqLJBQwo7yBCqYQWukLkq
304,Bob Marley & The Wailers,reggae,track,Waiting In Vain,2000-08-08,1waOqfmEVkVC8WhaIP6uGI
305,Inspector,reggae,track,Amnesia,2000-08-08,41xb9U5PEsvZYLKFW50xCZ
306,Pepper,reggae,track,Stone Love,2000-08-08,1AO26gK1sI6PoFY9eUF8yV
307,Jimmy Somerville,reggae,track,To Love Somebody,2000-08-08,18iuoY1jt6t8NUZPXyjN2N
308,Groundation,reggae,track,Babylon Rule Dem,2000-08-08,2viRn33nVKRuEjNsOp0zfW
309,Bob Marley & The Wailers,reggae,track,"Get Up, Stand Up",2000-08-08,0q5giEtY4wsFTwjWqswLwx
310,Ska-P,reggae,track,Esquirol,2000-08-08,28Ob24QK2L4ogDYE7uB5Aw
311,SOJA,reggae,track,Rasta Courage,2000-08-08,69UuEepWG0wJep3tGqX86Q
312,Cultura Profética,reggae,track,De Antes,2000-08-08,3aZQgYCIcO2OQHU7bPvt5R
313,Aswad,reggae,track,Shine,2000-08-08,1abBJRmGX2jLvE0b0GDmFV
314,Peter Tosh,reggae,track,Wanted Dread and Alive - 2002 Remaster,2000-08-08,5jkxC8SIZJ4qqusxRPVS5s
315,SOJA,reggae,track,True Love,2000-08-08,1HnriuDThLq7bEl1QKiaJL
316,Bob Marley & The Wailers,reggae,track,I Shot The Sheriff,2000-08-08,60e5PcqGmlVFQ0HHgUagCJ
317,Errol Dunkley,reggae,track,Please Stop Your Lying,2000-08-08,4y8vOLeFZGHSeG6yJOKGbW
318,Ska-P,reggae,track,MC. Dolar,2000-08-08,4VknPOOIZzmf18CPWTX7jV
319,Jimmy Cliff,reggae,track,I Can See Clearly Now,2000-08-08,7aJZxI6TVdIvQSuWxQ4rqp
320,Bob Marley & The Wailers,reggae,track,Redemption Song,2000-08-08,7MKcM6TfaGKQVFfhstCbOw
321,Bob Andy,reggae,track,Life,2000-08-08,0rBuEt8oLwJNGkByZLzc75
322,Inspector,reggae,track,Amargo Adiós,2000-08-08,0zCOT028cU3DeCqN1G18wE
323,Groundation,reggae,track,Jah Jah Know,2000-08-08,6Tqvo2iEaaThMOIuvX385k
324,Ska-P,reggae,track,Insensibilidad,2000-08-08,2t5zUDcwX8rsyasBNo9nRM
325,Tiken Jah Fakoly,reggae,track,Le pays va mal,2000-08-08,5pdJTiYfeKZT7o0Mpqc0yM
326,Ska-P,reggae,track,Welcome to Hell,2000-08-08,19ahiGWe3qnGCEIxNWPa6I
327,Bob Marley & The Wailers,reggae,track,Stir It Up,2000-08-08,4FNm4ZJaUVLDCMXcqwS6zY
328,Bob Marley & The Wailers,reggae,track,"No Woman, No Cry - Live At The Lyceum, London/1975",2000-08-08,5rPnv4gceOGKCqbN06F2aJ
329,Horace Andy,reggae,track,You Are My Angel,2000-08-08,1Ndlq0prZM0pPU37mlZo0q
330,Horace Andy,reggae,track,Sky Larking,2000-08-08,26ZdLX5Rq9J5lsd7OhHhg5
331,Bob Marley & The Wailers,reggae,track,Exodus,2000-08-08,5MRQvbpvXejJJy0OWciP8G
332,Bob Marley & The Wailers,reggae,track,Easy Skanking,2000-08-08,1efuoLEUL1K0D96d63svRO
333,Ska-P,reggae,track,Estampida,2000-08-08,2xbTTr8QPrtQY8VZwuT0ol
334,Bob Marley & The Wailers,reggae,track,Natural Mystic,2000-08-08,1YP719l4JjsOmyU4PGv3c0
335,Ska-P,reggae,track,Solamente Por Pensar,2000-08-08,1c0ha8gS3jcGDVBva6uGVp
336,Ska-P,reggae,track,Mis Colegas,2000-08-08,0p3rxgmQPN5y6QEMzliGZc
337,Sean Paul,reggae,track,I'm Still in Love with You (feat. Sasha),2000-08-08,2bskkv8iBlw9KJwXtckZmp
338,Bob Marley & The Wailers,reggae,track,Buffalo Soldier,2000-08-08,0QyBdoz2JktWEo111DBEx9
339,Ska-P,reggae,track,Niño Soldado,2000-08-08,40xa0CN0V4fEUlI2WCEjmU
340,Bob Marley & The Wailers,reggae,track,One Love / People Get Ready,2000-08-08,2BSwGHTh4kmckqXQfaCaAp
341,Ska-P,reggae,track,Intifada,2000-08-08,7AA26ipPFoAIRdlUi7u7kf
342,Bob Marley & The Wailers,reggae,track,Three Little Birds,2000-08-08,7vggqxNKwd6xdRoYS0pQtM
343,Ska-P,reggae,track,Consumo Gusto,2000-08-08,0sNwv0cBkQCtvAfjzJZbQ8
344,Ska-P,reggae,track,Casposos,2000-08-08,7pLf4wfaLSXzLosvmjd295
345,Bob Marley & The Wailers,reggae,track,Satisfy My Soul,2000-08-08,6dzrCHBBKutQezMkeWaOEY
346,Bob Marley & The Wailers,reggae,track,"Punky Reggae Party - 12"" Version",2000-08-08,1WgOedf4pKmgepml1CMW6o
347,Bob Marley & The Wailers,reggae,track,Could You Be Loved,2000-08-08,6ZXmTH4DpP07a2TvHx1EF9
348,Bob Marley & The Wailers,reggae,track,Jamming,2000-08-08,4aUCPal9bxTnQkEfdIY6sG
349,Bob Marley & The Wailers,reggae,track,Is This Love,2000-08-08,2sevvnMrqH607r5lwk3kFT
350,Cultura Profética,reggae,track,Días Intensos,2000-08-08,2L7bcQuqRaa05ufkTNY5lx
351,Shaggy,reggae,track,Strength Of A Woman,2000-08-08,3Rv2kFdLcwVdS47BLwo22O
352,Busta Rhymes,reggae,track,Make It Clap (feat. Sean Paul & Spliff Starr) - Remix Album Version,2000-08-08,6NM525U7IB4Zhpn8d921uX
353,Panteon Rococo,reggae,track,La Carencia,2000-08-08,1v3rQg6uPY6AnOY5TtxN7I
354,Los De Abajo,reggae,track,Skápate,2000-08-08,1vLn1lpgNJTHLcLSJqLEK0
355,Sizzla,reggae,track,Just One Of Those Days,2000-08-08,6YUTHNchsxKwWs37fFaV95
356,Gregory Isaacs,reggae,track,Bring Me Your Cup,2000-08-08,2bt8Yfoq2JeBSYoAya5iJc
357,Groundation,reggae,track,Weeping Pirates,2000-08-08,3SLivHGe4d7DDl7MGOlcdz
358,Dirtsman,reggae,track,Hot This Year,2000-08-08,7a79xbRiQlDBUpMpYE8vRS
359,"Lee ""Scratch"" Perry",reggae,track,The Upsetter,2000-08-08,2oU3L7aXP2ohVQBWMN71H9
360,Tiken Jah Fakoly,reggae,track,Le balayeur,2000-08-08,0XowvidUCnYBGmIYyZi3HE
361,Damian Marley,reggae,track,And You Be Loved,2000-08-08,2SBWRfQVMPPg1Ke98ustDp
362,Tiken Jah Fakoly,reggae,track,Délivrance,2000-08-08,6PEU4HZN0S72cW1GsQgpav
363,Derrick Harriott,reggae,track,The Loser,2000-08-08,4iI2N6gFBHWoV99d9q0clR
364,The Jamaicans,reggae,track,Ba Ba Boom,2000-08-08,7GUdxwA5wqhkJI5QaFynFn
365,Manu Chao,reggae,track,Mr Bobby - Live,2000-08-08,5UETxSX2Ce5UInuQLzR2NA
366,The Uniques,reggae,track,My Conversation,2000-08-08,2wIOKiZfp8h9ROw3eBAfcc
367,Phyllis Dillon,reggae,track,Don't Stay Away,2000-08-08,0TzactgkoJSMMRVddb8aRK
368,The Heptones,reggae,track,Cool Rasta,2000-08-08,2fNgsscsvtQ6eKx3P8Lesz
369,Cultura Profética,reggae,track,Donde No Alcanza Mi Verso,2000-08-08,7gQbpyb0GTNOu8XVWwLfwK
370,Manu Chao,reggae,track,Welcome to Tijuana - Live,2000-08-08,6QYZVoCVHHXwEe92dDv4u4
371,Sean Paul,reggae,track,Flip Riddim - Brawta Mix,2000-08-08,6LIp0ZNNahtn97y1rjHjYW
372,Andre Toussaint,reggae,track,Perfida,2000-08-08,2FCUiTKBqqf51hJvPOljZP
373,Gentleman,reggae,track,Dem Gone,2000-08-08,3MdGLgsPkpZIYddDfI2tyN
374,Shaggy,reggae,track,Hey Sexy Lady - Original Sting International Mix,2000-08-08,5iaKPpX5BoHn62OyOWk7eE
375,Tiken Jah Fakoly,reggae,track,Y'en a marre,2000-08-08,7gmARqUl5G8Vsw6tLGLld7
376,Groundation,reggae,track,Freedom Taking Over,2000-08-08,3jpaYkfECKl1h76aCZrT6T
377,Axe Bahia,reggae,track,Maomeno,2000-08-08,6QFJSGEfA4ZIWcF1wp9aTi
378,The Gaylads,reggae,track,It's Hard To Confess,2000-08-08,3Zz0k1ZyExmZREMSLT10Y4
379,Horace Andy,reggae,track,Ain't No Sunshine,2000-08-08,6ICYsILYG5nyNdQuG8EuJQ
380,Tiken Jah Fakoly,reggae,track,Françafrique,2000-08-08,5YMTSBZWTq0UmA1hvbYUc1
381,Andre Toussaint,reggae,track,Cu Cu Ru Cu Cu Paloma,2000-08-08,4SLPzictZfGZVCm0D3qhwm
382,The Untouchables,reggae,track,Tighten Up,2000-08-08,4jcvkqhSGBvqVgPmvZsLiQ
383,Groundation,reggae,track,Silver Tongue Show,2000-08-08,6EXEcD9UYRta2csAlRqntW
384,SOJA,reggae,track,Jah Atmosphere,2000-08-08,6q8fRKMgULYSuSOyit4oIA
385,Junior Byles,reggae,track,Curly Locks,2000-08-08,281S3qFau8oV1zdzgmb0XX
386,Manu Chao,reggae,track,Blood and Fire - Live,2000-08-08,0eMFg1d1yGkGE7kJUhGsnz
387,Axe Bahia,reggae,track,Namorar Pelado (Beijo Na Boca),2000-08-08,5BrlxbAxzVfruijAAsARWi
388,Tiken Jah Fakoly,reggae,track,Justice,2000-08-08,7pCLt4Fxe74p94bb08x74D
389,Busta Rhymes,reggae,track,Make It Clap (feat. Sean Paul & Spliff Starr) - Remix Album Version,2000-08-08,2nEanMXkMMOq7qcGurTKZC
390,Dandy Livingstone,reggae,track,Suzanne Beware of the Devil,2000-08-08,71RlrObaNXUK8EbREgJHm8
391,Los Pericos,reggae,track,Pupilas Lejanas,2000-08-08,0VZ2rAa5ceRaMPMufTVmqd
392,10cc,reggae,track,Dreadlock Holiday,2000-08-08,4E2gdBRKC12MJWFUOkH0UN
393,Manu Chao,reggae,track,Caí en la trampa - Live,2000-08-08,5tk0HXwhU1ChSU36EriGbx
394,Groundation,reggae,track,Picture on the Wall,2000-08-08,42COkdCYyO7t00TUNPbXDz
395,Cultura Profética,reggae,track,Inspiración,2000-08-08,4RdHhgBW4eWV5PohRNYkNl
396,Keith & Tex,reggae,track,Stop That Train,2000-08-08,4lrwg5ZBwcyRQ92seMGhIf
397,Manu Chao,reggae,track,Mala Vida - Live,2000-08-08,2b0j6ABklU6eatfoyG2x1r
398,The Upsetters,reggae,track,Return Of Django,2000-08-08,4cNcyU7vYfzlxJftlKzzJt
399,Ska-P,reggae,track,El Olvidado,2000-08-08,109iUVLWJ2KHEE4NQnIFD1
400,Los Estramboticos,reggae,track,La Herida,2000-08-08,0vQfzyjQFHQ208JCNjcE5H
401,Chimarruts,reggae,track,Pra Ela,2000-08-08,0I23NUlxIwV5OjdZvNkEMS
402,Banda Calypso,reggae,track,Passe de Mágica,2000-08-08,73cXjAMyYhgqEyqBkU1lox
403,Hopeton Lewis,reggae,track,Take It Easy,2000-08-08,5VOrFGEXCJMT5aiDL5Iiaa
404,Axe Bahia,reggae,track,Dança do Vampiro,2000-08-08,6QVBp3fcHJUyFVVelU0jZn
405,Banda Calypso,reggae,track,A Lua Me Traiu,2000-08-08,0LPAMQBgonRFgKqzBtrICt
406,Los De Abajo,reggae,track,War 4 Peace,2000-08-08,3beXppvBycZ5qD0ZNpRiXb
407,Planta E Raiz,reggae,track,Aquele Lugar,2000-08-08,2sz15cgzZTl6lhgx8KUXNH
408,Bob Marley & The Wailers,reggae,track,Easy Skanking,2000-08-08,4KqP3rgjm1LkcvDHsbZQjY
409,Bob Marley & The Wailers,reggae,track,Who The Cap Fit,2000-08-08,46tBtaS3lTSOXTgXyQVb9C
410,Panteon Rococo,reggae,track,Esta Noche,2000-08-08,2HZ9lGdprVT5XpOUf12h4z
411,SOJA,reggae,track,Brothers and Sisters,2000-08-08,1oWU2i4lcjPPBQtbhGKR79
412,The Mighty Mighty Bosstones,reggae,track,Everybody's Better,2000-08-08,30OQNTTFgfdDj4h2fvJB72
413,Planta E Raiz,reggae,track,Com Certeza,2000-08-08,3lnQYHdFC4TwGVC0LSTu8q
414,The Mighty Mighty Bosstones,reggae,track,You Gotta Go!,2000-08-08,7MAF2f9zVxfTqX1kagwsaE
415,Cultura Profética,reggae,track,Árboles,2000-08-08,109IRvp8IFTgPDllZdyWJV
416,Bob Marley & The Wailers,reggae,track,Africa Unite,2000-08-08,0X1R3pkAhWS0n9sMNFaLtP
417,Lyricson,reggae,track,Night And Day,2000-08-08,1xs8WCB7BVoK61J7QVOBLq
418,SOJA,reggae,track,"Non-Partial, Non Political",2000-08-08,5vRdjISuheTq6AESKKJyWe
419,Dandy Livingstone,reggae,track,Think About That,2000-08-08,5QPX5lTR5oodlGkBRsfdYp
420,Gentleman,reggae,track,Runaway,2000-08-08,2pFOOeunnbih8Wmk9bEdVF
421,Manu Chao,reggae,track,Pinocchio (Viaggio in Groppa al Tonno) - Live,2000-08-08,4DDLq8bU4IZvlK4sdwGPXR
422,Dandy,reggae,track,(People Get Ready) Let's do Rocksteady,2000-08-08,3Y4rzmdDGSGOv79huztWUM
423,Axe Bahia,reggae,track,Ali Babá,2000-08-08,2nBysAJv05ZEQoJYb9qOcX
424,Manu Chao,reggae,track,Promiscuity - Live,2000-08-08,5CBz9sSHh4x6C42vM1zrLc
425,The Gaylads,reggae,track,Over The Rainbow's End,2000-08-08,6dpkCDjD3WzkcI6JHLFOdP
426,Bob Marley & The Wailers,reggae,track,So Much Trouble In The World,2000-08-08,64dhy8SHYYN8GZLM8LZRBg
427,Skatalà,reggae,track,Llunàtics,2000-08-08,7qgsrhPAHVsOfIUEhO33jH
428,Shabba Ranks,reggae,track,Mr. Loverman (feat. Chevelle Franklin) - Radio Mix,2000-08-08,0pZDbqv386WgVGZgzhokSC
429,The Upsetters,reggae,track,Return Of Django,2000-08-08,3wvj54RWGQIVlc3cgepoNs
430,Bob Marley & The Wailers,reggae,track,War,2000-08-08,6YGKYS4j0kXhFVHIXGCiPe
431,Groundation,reggae,track,Undivided,2000-08-08,0alq5cybseCXadlorQh8Q2
432,Manu Chao,reggae,track,King Kong Five - Live,2000-08-08,6vxzeMhNuiOzJubJZXgGjv
433,Zenzile,reggae,track,Smell The Roses,2000-08-08,089w7oBLnYYooAgPq8qUpt
434,Dezarie,reggae,track,Most High,2000-08-08,4CKRlfDTMMrwLTPhotduHY
435,Los Pericos,reggae,track,Me Late,2000-08-08,3wRBEsV5bfjV5uktXnODJr
436,Los Pericos,reggae,track,Waitin',2000-08-08,2vy7MUiknonuVH3TlPKr34
437,The Upsetters,reggae,track,Dollar in the Teeth,2000-08-08,5HARyzTl6cIvyhCp6tHi0k
438,Bob Marley & The Wailers,reggae,track,Sun Is Shining,2000-08-08,3Jodg6CF3jAf1IGD3Qkqbe
439,Roots Manuva,reggae,track,Witness Dub,2000-08-08,6HyF16OcOabYIJ5NIwKI5U
440,Reel Big Fish,reggae,track,Where Have You Been?,2000-08-08,6RSOCjJ8pbT0Vwn9aBmX17
441,Betagarri,reggae,track,Zure Ingurua,2000-08-08,71IM5VszGXCl9RtkHu1UWd
442,Busta Rhymes,reggae,track,Make It Clap (feat. Sean Paul & Spliff Starr) - Remix Album Version,2000-08-08,3v2vWFKLBSYe5Otf2WnpWr
443,Sizzla,reggae,track,Solid As A Rock,2000-08-08,0jgyTx1QHB5dvsylTJhcvK
444,Misty In Roots,reggae,track,Man Kind,2000-08-08,2nXrbCG4XXr7AD2v3tTtxP
445,Sizzla,reggae,track,Woman I Need You,2000-08-08,0Fzuhc7Lfyi4W66unSNtMb
446,Mallacán,reggae,track,O mirallo crebau,2000-08-08,23Jp9vNEIMFNLsnPd3uvxn
447,Ike Bennett & The Crystalites,reggae,track,Illya Kuryakin,2000-08-08,55f5wRhUlYivT5RoFulIbl
448,Wyclef Jean,reggae,track,Knockin' On Heaven's Door,2000-08-08,2493DnjEZ74LJPQl7XmZJk
449,Peter Tosh,reggae,track,The Poor Man Feel It - 2002 Remaster,2000-08-08,66uWCaWOrPpMbMQVUWoCLR
450,Resistencia Suburbana,reggae,track,Rastone,2000-08-08,2pRypteLYWvWk2Gq6A8wQ6
451,Elephant Man,reggae,track,Pon De River Pon De Bank,2000-08-08,46l7fOJggsNqrNPJeFk0og
452,Less Than Jake,reggae,track,The Science of Selling Yourself Short,2000-08-08,1iD0a0plhO55cWEJa5UGcZ
453,T.O.K,reggae,track,She's Hot,2000-08-08,05jHFnv6I9aOij4uipICJe
454,Sean Paul,reggae,track,Get Busy (feat. Fat Man Scoop & Crooklyn Clan) - Clap Your Hands NowRemix,2000-08-08,22dG2tDwIPvTtkBQCt4JqE
455,T.O.K,reggae,track,She's Hot,2000-08-08,435SnpUKUxCaOf0ivxMQTF
456,Intoxicados,reggae,track,Reggae Para Los Amigos,2000-08-08,3rLMwqrvbr38wcud6FxB8i
457,Ska-P,reggae,track,Romero el Madero,2000-08-08,2CIqi6ND5HkLlxkwJ6eiXf
458,Ska-P,reggae,track,Estampida,2000-08-08,5PtT3vwGdQGhZzF9fvjMZi
459,Less Than Jake,reggae,track,Look What Happened,2000-08-08,2zPrdI7V4Pik4He87Nhdbl
460,Easy Star All-Stars,reggae,track,Speak To Me / Breathe,2000-08-08,5L7QptioCo73sGCTfAj7ln
461,Easy Star All-Stars,reggae,track,Time,2000-08-08,1uLBDlBZROhCvLAX5LdKrI
462,Ska-P,reggae,track,A La Mierda,2000-08-08,1X1DDNQta8u4EuIlhaYkc4
463,Ska-P,reggae,track,Mestizaje,2000-08-08,7uINkjmH4VMViSqh0pBSks
464,Groundation,reggae,track,Ruling Dub,2000-08-08,548PyoQoMh7prmCfpyJvJr
465,Streetlight Manifesto,reggae,track,Everything Went Numb,2000-08-08,0TZ1MAPCWb2jpaKzS5Muyz
466,Dr. Calypso,reggae,track,Se'ns Pixen,2000-08-08,3mbudHwCOz1vQOtMDnjbLY
467,Skalariak,reggae,track,Luna De Barcelona,2000-08-08,1L2Id8FgvWUyMjJRAW7mvW
468,Dub Inc,reggae,track,Rude Boy,2000-08-08,1OR5HVQgKpCZn2JNIwTKmq
469,Ziggy Marley,reggae,track,True To Myself,2000-08-08,5N0lcnJTtKj4wNDvurHige
470,Quique Neira,reggae,track,Pensando En Ti,2000-08-08,5XORpyys9dvyjJWpTYeame
471,Los Auténticos Decadentes,reggae,track,Pendeviejo,2000-08-08,1N9UaGzXe20ZRXpGDrQZhI
472,Easy Star All-Stars,reggae,track,Money,2000-08-08,5QREkNN2kAKUsXppK9Vrcu
473,Skaparapid,reggae,track,Konfesión,2000-08-08,20K8gKxabOpZe5BEJH2thY
474,Ska-P,reggae,track,El Gato Lopez - Directo,2000-08-08,4CSD0AB4DphJR5R9mVMoFE
475,Hawkeye,reggae,track,NO VEE NO VA,2000-08-08,4LBiFtHPgIcwxijzBtV4oP
476,Banda Bassotti,reggae,track,Fischia Il Vento,2000-08-08,6Dtai6J82Gnc8fPOJ9FIqU
477,Ziggy Marley,reggae,track,Dragonfly,2000-08-08,6nawvymysrG1PgLtNpUwVL
478,Los Auténticos Decadentes,reggae,track,Viviré por Siempre,2000-08-08,5SDPJjP3G1U2ipKcDwvqv8
479,Ska-P,reggae,track,Intifada,2000-08-08,5UBzwVIoNV1frnZFKdWJ1q
480,Ska-P,reggae,track,El Vals Del Obrero,2000-08-08,6huVmxA8WdA7ArpX21kyKs
481,Ska-P,reggae,track,Niño Soldado,2000-08-08,4m3OKmzYSFhtNvl7zhl9fI
482,Shaggy,reggae,track,Hey Sexy Lady,2000-08-08,0RattG3xPZJyaynlTMJXeQ
483,Ska-P,reggae,track,Mis Colegas,2000-08-08,4CxJOwb9VhBOLTwHf77WsO
484,Dub Inc,reggae,track,My Freestyle,2000-08-08,4j4Xt8K45dJU8NEwIoPFeu
485,Skalariak,reggae,track,Jose Republica,2000-08-08,0ByhfSSVidQNexZwxLlqi0
486,Skalariak,reggae,track,El Tiempo Es Tuyo,2000-08-08,2t3dgbYobYjPwBsEhgjC0g
487,The Pioneers,reggae,track,Let Your Yeah Be Yeah,2000-08-08,7D6amNSNFFM2K5opPnpQ8F
488,Peter Tosh,reggae,track,Legalize It,2000-08-08,605ZHoLZx7PtQ8fXgvN10K
489,10 Ft. Ganja Plant,reggae,track,Mercy,2000-08-08,2LehHKubfBGPGza3pk3uIj
490,Gecko Turner,reggae,track,Rainbow Country,2000-08-08,34c0ZY9p33YL99QJSGOZmA
491,Sidney Crooks,reggae,track,Papa Was a Rolling Stone,2000-08-08,5n0WsaspK9ECkiBncJd4zR
492,Sean Paul,reggae,track,Feel Alright,2000-08-08,47uGUUYoi4JndJz0jrPkwB
493,Ska-P,reggae,track,Cannabis,2000-08-08,3fEEbbRZEWVP1FzGwSLfxA
494,Ben Harper,reggae,track,With My Own Two Hands,2000-08-08,1Xb8GfUSYCqAkcNrd6pW0M
495,Slightly Stoopid,reggae,track,Collie Man,2000-08-08,0psXs0SxH2hGnJoj8C2fFf
496,Rupee,reggae,track,Tempted To Touch,2000-08-08,0ENQCg0FziqV4VB9U2xTf5
497,Skalariak,reggae,track,Despideme,2000-08-08,1TzaV3yEKswqIBrvi7VLKv
498,Bob Marley & The Wailers,reggae,track,Trenchtown Rock - Live At The Roxy Theatre,2000-08-08,6AN6ciH6HnEc9DviPYabny
499,Bob Marley & The Wailers,reggae,track,I Shot The Sheriff - Live At The Roxy,2000-08-08,7HrXkDaGGJ7U5ZmFfFugdD
500,Gondwana,reggae,track,Dulce Amor,2000-08-08,6yo07MyYoNMfGXJzrwbGLl
501,Ivete Sangalo,reggae,track,Sorte Grande,2000-08-08,2IXiZtz7EVJpsyZwoxBy6K
502,Lil Jon & The East Side Boyz,reggae,track,Get Low Remix,2000-08-08,2HJB0UGH3wzPivgZjnohQG
503,Resistencia Suburbana,reggae,track,El Leon,2000-08-08,2I0sj7M1frtYucPJfc5wUI
504,Gondwana,reggae,track,Sentimento Original,2000-08-08,221XD85dLV8jiMyrEz1JBQ
505,Ara Ketu,reggae,track,Carta Branca,2000-08-08,6Pbve0TrBzMtFYxbgxDWBQ
506,Slightly Stoopid,reggae,track,Officer,2000-08-08,57FmgryMQDg7fxbyR65dcT
507,Gondwana,reggae,track,Felicidad,2000-08-08,34Uygh7OsoZdlzzDbHgjgb
508,The Pioneers,reggae,track,Reggae Fever,2000-08-08,794RVpEM5y0iOIVh3tFJS3
509,Banda Bassotti,reggae,track,Nicaragua Nicaragüita,2000-08-08,2xSZhCfkM34nfxBgkOOQYT
510,Ska-P,reggae,track,Welcome To Hell,2000-08-08,21LvR0Ti7whi91dtPPGwTE
511,Easy Star All-Stars,reggae,track,The Great Gig In The Sky,2000-08-08,3QqQmA4Cu63Sw1ZTOPTlfP
512,Ska-P,reggae,track,Casposos,2000-08-08,2R5ITHd1vSK5eywDjMzobF
513,Rhythm & Sound,reggae,track,King in My Empire,2000-08-08,5zfR5yKsmAiyiH6AbaNiOY
514,Freddie Notes,reggae,track,Montego Bay,2000-08-08,0m4Yn98gCvF65e819i9DXF
515,Skalariak,reggae,track,Sarrera IV,2000-08-08,0ZrMWCxb8un3D9MjwnUpKC
516,JAHSTA,reggae,track,Niños del Ghetto,2000-08-08,70tY0jeFWEhotAvrN0LJ0l
517,The Suicide Machines,reggae,track,High Anxiety,2000-08-08,37QqfVWLgeq4IMCL6NawGA
518,Wayne Wonder,reggae,track,Bounce Along,2000-08-08,6hDdz3s6TMHF6ohnCIa1z6
519,Ska-P,reggae,track,Vergüenza,2000-08-08,48Kq9gPlqQGydYETEOTMrU
520,Kana,reggae,track,Original,2000-08-08,3SepvqabFQC9AhBurE07y2
521,Sergent Garcia,reggae,track,Poetas,2000-08-08,5q1ZINUwiiBvwGz4g5Caqd
522,Rita Marley,reggae,track,Harambe,2000-08-08,2WkJww7lMTW2ZpA9qm6R2J
523,Lucky Dube,reggae,track,The Other Side,2000-08-08,7FsRBqRW2DT2yjNG2EIhwx
524,The Limp Twins,reggae,track,The Dub That Sank My Sub,2000-08-08,5VO3NsQO7HFQnfhZ1dpF8g
525,Sergent Garcia,reggae,track,Revolucion (feat. Rassi Hardknocks),2000-08-08,5iBmYG09Cx5j2ITnrgcfTN
526,Chulito Camacho,reggae,track,Marihuana Cura,2000-08-08,7r1FJ6IvMqNr9WAWiXFB5w
527,Ziggy Marley,reggae,track,Rainbow in the Sky,2000-08-08,2U7kXTPxWV8OS7ZR3muAJT
528,Easy Star All-Stars,reggae,track,Great Dub In The Sky,2000-08-08,4mAnqyyXCauUnBkFRBke5f
529,JAHSTA,reggae,track,Vuelo,2000-08-08,1gnpE8qqSfT70rRhUO9K0p
530,Ska-P,reggae,track,Paramilitar,2000-08-08,7IzW8AdSmSBtzctWRJisTB
531,Los Auténticos Decadentes,reggae,track,Beatle,2000-08-08,1guhhX1iVL3of76e2Y9dDV
532,Beres Hammond,reggae,track,Last War,2000-08-08,7LjmwVHnGqRsDvFCf2FfSt
533,Fishbone,reggae,track,Ma and Pa,2000-08-08,7wotdNGMm6PrQ9xUXYQtVp
534,Burning Spear,reggae,track,Not Guility,2000-08-08,3w2a729QpGLTLUBSuKUrfW
535,Phoebe 1,reggae,track,Knocking on Heavens Door,2000-08-08,7HJBY6JQnsotMwt64Jb4NT
536,Ziggy Marley,reggae,track,Looking,2000-08-08,0P6g4X0sQlKCDp9mKSHsjl
537,Ska-P,reggae,track,Solamente Por Pensar,2000-08-08,06eSIlRqZeDwvh8Lc04GJX
538,Ziggy Marley,reggae,track,Good Ol' Days (featuring Cedella Marley),2000-08-08,28Q2F391hseaFE88B3jki4
539,Ska-P,reggae,track,Planeta Eskoria,2000-08-08,7m2FbvwyJQ1hX9OjHVfve4
540,Morgan Heritage,reggae,track,A Man Is Still a Man,2000-08-08,5vSC5UXHw3km4F8AlqRXEF
541,Joe Budden,reggae,track,Mardi Gras - (The Remix) - Album Version (Explicit),2000-08-08,5jdgDZQkio9fdlf5pSRwtv
542,Morgan Heritage,reggae,track,She's Still Loving Me,2000-08-08,70GGSrW7MGcqLECkT0NkjG
543,Chulito Camacho,reggae,track,Las Heridas del Corazón,2000-08-08,38pKr1p7OMkDiypnxad6RE
544,Seeed,reggae,track,Waterpumpee (feat. Anthony B.) - Waan Back 2002,2000-08-08,2WjP6HxBOnNNtaQ4LXYK4A
545,Dr. Calypso,reggae,track,Mr. Happiness,2000-08-08,4Kgp9pMG8cON2ntMaW5f9b
546,Lucky Dube,reggae,track,Ding Ding Licky Licky Bong,2000-08-08,6vPGzGs3RmSKTx7MHeM3X7
547,Skalariak,reggae,track,En Mi Nombre,2000-08-08,6I5QC9zT8fadH9BIRjyy8n
548,Sergent Garcia,reggae,track,Mi ultima voluntad (Tonite),2000-08-08,252nm9BBDtnTKdEsuNRIxK
549,Dub Inc,reggae,track,Life,2000-08-08,3pgkrmwpcIMZq07izqWqTw
550,Sasha,reggae,track,Dat Sexy Body,2000-08-08,4zQwQaqmC9PkT94MiNB281
551,Chiclete Com Banana,reggae,track,Diga Que Valeu - Ao Vivo,2000-08-08,5H7muV14Pp4CAf3zdOBerU
552,Slightly Stoopid,reggae,track,Sweet Honey,2000-08-08,3oHNAil3RvYNz58fogLJvp
553,Sean Paul,reggae,track,Get Busy [feat. Fatman Scoop and Crooklyn Clan] - Clap Your Hands Now Remix; Street Club Long Version,2000-08-08,1OreteILiOjRelbdE3uPAb
554,The Toasters,reggae,track,Weekend In L.A.,2000-08-08,1gF9kabquW6I5VxHcqmnx1
555,Chiclete Com Banana,reggae,track,Amor Perfeito - Ao Vivo,2000-08-08,5EWlLpz98txi7UG0pQQLvQ
556,Easy Star All-Stars,reggae,track,Brain Damage,2000-08-08,6Q5PDT9BzYdCEdPJATYWqY
557,Greyhound,reggae,track,I Am What I Am,2000-08-08,2tryECearyb7IhKsF4jX9Q
558,Kana,reggae,track,Plantation,2000-08-08,3mdfBcdD8C3NbJ0SUBjA5i
559,Groundation,reggae,track,Don's Intro,2000-08-08,3FI23e6kjwcvv4vAe2mi7z
560,Lutan Fyah,reggae,track,Crystal Clear,2000-08-08,4bdiP0cmT1raeD1DStjNar
561,Gondwana,reggae,track,Antonia,2000-08-08,5n40SAKMk89wdWyhTfWzx4
562,Dr. Calypso,reggae,track,CCCP,2000-08-08,14101IXoCsJrpEOFAgp566
563,Slightly Stoopid,reggae,track,Mellow Mood (feat. G. Love),2000-08-08,37iPZmwYnVe9eJW05jCtIr
564,Sagarroi,reggae,track,Nahi Dudan Guztia,2000-08-08,5ct2fXkdiZQq3RO7BtXKY7
565,Streetlight Manifesto,reggae,track,"A Better Place, a Better Time",2000-08-08,4LqxQzP3F0EXf00M58URik
566,Easy Star All-Stars,reggae,track,Any Colour You Like,2000-08-08,6Y6hUMmFGfpGggqnrwNYF0
567,El Gran Silencio,reggae,track,Super Riddim Internacional,2000-08-08,0TyH4jFn7eeSJM4gfkql7h
568,Seeed,reggae,track,Waterpumpee 2004 - English Version,2000-08-08,4bJIM2tHXmAsiypme5ccvZ
569,Chulito Camacho,reggae,track,Solo Hago Reggae,2000-08-08,1vrAEV2RqJkXtzTRvismj3
570,Resistencia Suburbana,reggae,track,La Union Verdadera,2000-08-08,5ZGBUXDTlUeYLw2glsuEJF
571,Anthony B,reggae,track,Police,2000-08-08,6LtaXQAwy6qy3lnSP0BuZ3
572,Salon Victoria,reggae,track,Mi Vida es un Tango,2000-08-08,7dCOvIWIepwEn9Vxa2dpR6
573,Twinset,reggae,track,Sweet Thing,2000-08-08,1Oi4ABwikl2Fplm7rx5QHz
574,Easy Star All-Stars,reggae,track,On The Run,2000-08-08,4jg8gzEkemr3E7fmMbFzWe
575,Less Than Jake,reggae,track,Plastic Cup Politics,2000-08-08,3bEUz1Y168KAWC7Vb7e0yz
576,The Pioneers,reggae,track,"Give and Take (Give a Little, Take a Little)",2000-08-08,1vBUONXF9s3qbXKIGC2sMl
577,La Mosca,reggae,track,Patadas En El Corazon,2000-08-08,2nrinkghKL96CmwnHnHrOJ
578,Judge Dread,reggae,track,Look a Pussy,2000-08-08,6CtyGtm0tlEp69zoxsgVuU
579,Peter Tosh,reggae,track,Buk-In-Hamm Palace - 2002 Remaster,2000-08-08,1EaoyUXLaWFFA1bbE1KMI4
580,Greyhound,reggae,track,Black and White,2000-08-08,1kJmUzIzRIYJjr2nGNwgCg
581,Gondwana,reggae,track,Armonia de Amor,2000-08-08,0FGiRaJJoao1C1pNrqpxQA
582,Wayne Wonder,reggae,track,Saddest Day,2000-08-08,4qaxWylitp9qvg0zsaEqeo
583,Resistencia Suburbana,reggae,track,Por Amor,2000-08-08,0ESCoYNoAYqEp4Wwjxnd4s
584,El Roockie,reggae,track,Ganas de Amarte,2000-08-08,2Z6ETIJKUgGrtNjYfgJora
585,Sergent Garcia,reggae,track,Long Time,2000-08-08,1EXeWJFe2hFkw6mdNnRJaR
586,Joe Dukie,reggae,track,Midnight Marauders,2000-08-08,5Q6fSycd2p3Vc1TOombvFZ
587,Beres Hammond,reggae,track,Can You Play Some More (Pull It Up),2000-08-08,1CCEL3jEqzb1ILPsWsxWZz
588,Easy Star All-Stars,reggae,track,Us And Them,2000-08-08,05vgup4g7KCoxmVP1LAyjR
589,Judge Dread,reggae,track,Big Seven,2000-08-08,21rd520It0pWlji0YGoY2c
590,Streetlight Manifesto,reggae,track,Point / Counterpoint,2000-08-08,1NM2qI63ylqg62yxpEvTXu
591,Banda Calypso,reggae,track,Príncipe Encantado,2000-08-08,05KTmMzzwMOoxjANKf09z5
592,La Mosca,reggae,track,Matame,2000-08-08,7xq46hwhuT8EHSLhKbAcnA
593,Cordel Burrell,reggae,track,Coolie Dance Rhythm,2000-08-08,7ditbl8EoQ7JuLmnQONwAk
594,The Pioneers,reggae,track,Time Hard,2000-08-08,5WnKjYSWEn79y1eNEiNiYm
595,Less Than Jake,reggae,track,Surrender,2000-08-08,1ofPoqePnu5k2Y6BMpaldz
596,Morodo,reggae,track,Presidente,2000-08-08,1BFLjXJzpYQCuWajAuOEmf
597,Seeed,reggae,track,Respectness,2000-08-08,5ZDngGE7Ju32CRfsvfMEdm
598,Less Than Jake,reggae,track,That's Why They Call It a Union,2000-08-08,1zAQ1NxUpatCMwE1eF97va
599,JAHSTA,reggae,track,Digo Que Vengas,2000-08-08,7Lt5PgWvDECsnZHCFEJihg
600,The Expendables,reggae,track,Bowl For Two,2000-08-08,7wCgKgkuthR3K568qESxDp
601,Nina Sky,reggae,track,Move Ya Body (feat. Vybz Kartel & Jabba) - Remix,2000-08-08,5asjDaBpVE0tbCgJ04J0R7
602,Beenie Man,reggae,track,King Of The Dancehall,2000-08-08,2vACumvzzT2ZngO2p7i3Gu
603,Beenie Man,reggae,track,Dude,2000-08-08,746nPV2NXSoxW3imGpG8gk
604,Betagarri,reggae,track,Verde,2000-08-08,1QnEnxm4K6zmCvEcJM9uP4
605,Tiken Jah Fakoly,reggae,track,L'Afrique doit du fric,2000-08-08,6JdIJl2d62ATvmF5eGY7Pz
606,Tchakabum,reggae,track,Dança da Mãozinha - Ao Vivo,2000-08-08,5uKnqGzXgmzlctR3rz8Edt
607,Morodo,reggae,track,Combination,2000-08-08,3p4Ymcg8fevE1TxsU3yAv0
608,Gondwana,reggae,track,Give Your Love,2000-08-08,6SCxbGzB7xJBPqkEvobpFf
609,Toots & The Maytals,reggae,track,Merry Blues,2000-08-08,5mcZc1KxM1a2imYq3UpFZv
610,La Kinky Beat,reggae,track,No Es Lo Mismo,2000-08-08,4ZQOfjKrSON9Xj96wbT5rD
611,Morodo,reggae,track,La Yerba del Rey,2000-08-08,2KxRGyVpoFjHJhdESy467E
612,The Wailers,reggae,track,Simmer Down,2000-08-08,7nXKUIheOyysKPOISIfvMp
613,Tapper Zukie,reggae,track,Give Thanks,2000-08-08,3cDj0L3aa1FEMea7CE8Llz
614,Nonpalidece,reggae,track,Tu Sueño,2000-08-08,3WVWvI95BShLKpMV1G51vV
615,Morodo,reggae,track,Los Carros de Babylon,2000-08-08,3GyECIPcN3YVkCgLgU0WiB
616,Carlton & The Shoes,reggae,track,Love Me Forever,2000-08-08,0j9uTlaM3SGKb2I1y79ee0
617,Gondwana,reggae,track,Mi Princesa,2000-08-08,6qwIv4W6tUPxt2jLz84tlo
618,Joe Dukie & DJ Fitchie,reggae,track,This Room,2000-08-08,3QV5xvtU87ZwNJ3JV8KyOq
619,É O Tchan,reggae,track,Pau Que Nasce Torto / Melo Do Tchan - Medley,2000-08-08,5PkTujqwUcpoiH20ysOjS3
620,Tiken Jah Fakoly,reggae,track,Ca va faire mal,2000-08-08,7cwNq3u2snS1T1C4CViHqp
621,Tapper Zukie,reggae,track,Mello Rock,2000-08-08,56qucdqJ6WlI0L1x4HSPHU
622,Morodo,reggae,track,Revelación,2000-08-08,1Wpvr3m2q7i73CUtC9v5Si
623,Gentleman,reggae,track,Intoxication,2000-08-08,39knzsFcBOEpv7dSGrIilV
624,Capleton,reggae,track,That Day Will Come,2000-08-08,6D4eMFcg3DquhNOQsNanQk
625,Los Cafres,reggae,track,Este Jardín,2000-08-08,5UgPN09gWrOMI9zC2io8yC
626,Ska Cubano,reggae,track,Babalu,2000-08-08,2q6Ctk1nBJU59XtYhiN47b
627,Tiken Jah Fakoly,reggae,track,Quitte le pouvoir positive Black Soul,2000-08-08,1epQtq7B2Xii7pR3xBw3Ri
628,Braga Boys,reggae,track,A Bomba,2000-08-08,1syj5noYd0GUqHflMH6zda
629,Gentleman,reggae,track,Superior,2000-08-08,2xc8WSkjAp4xRGV6I1Aktb
630,Nonpalidece,reggae,track,Revolución,2000-08-08,1vwaijcHGveA4jGPlJ5XUJ
631,Morodo,reggae,track,Nyahbingiman,2000-08-08,1L9ETnALEGFMf62NRhdFbk
632,Junior Byles,reggae,track,Fade Away,2000-08-08,56SuUInH7q8qqpOulO1wIZ
633,Tiken Jah Fakoly,reggae,track,Plus rien ne m'étonne,2000-08-08,2g4FmxUiMLF4glwodK3l2W
634,Cypress Hill,reggae,track,Ganja Bus (feat. Damian Marley) - Explicit Album Version,2000-08-08,4QDGjjhg0TFdCAyQz5HVr5
635,Ska Cubano,reggae,track,Chango,2000-08-08,1hl3OmpIUl1EhOwMjtibCa
636,Morodo,reggae,track,La Mentira,2000-08-08,5qLUey1sjxxucS17aBFvS1
637,Tanya Stephens,reggae,track,It's A Pity,2000-08-08,0oWha7OKAqQwFZymfthIEV
638,Daniela Mercury,reggae,track,Maimbê Dandá,2000-08-08,1IeKuhWMm5GKjfRq42IuDY
639,La Kinky Beat,reggae,track,Pirata Capitán,2000-08-08,0peCjjvb2ub8kitZbO8JwN
640,Morodo,reggae,track,Bad Bwoys,2000-08-08,66keVf51gorq0QgTUVjgbX
641,Symarip,reggae,track,Skinhead Moonstomp,2000-08-08,1e8HuiUmU2ecHV5ro54yrR
642,Tiken Jah Fakoly,reggae,track,Tonton d'America,2000-08-08,3Ho6jFbwTcviwluL6jFroB
643,Morodo,reggae,track,19: 00 - 22: 00 (Binghi No Cry),2000-08-08,5xlWmYtGfW7rL7PLGHKOLm
644,Morodo,reggae,track,Que vas a hacer?,2000-08-08,7ICtpTBEsCyqs0N79tUUJE
645,Los Cafres,reggae,track,Si El Amor Se Cae,2000-08-08,0fzgd6DgpsSYg5igdOUGJR
646,Morodo,reggae,track,Divina Ciencia,2000-08-08,4UQ98S819IC4qQ2lld1ZXj
647,Morodo,reggae,track,Mas Yama,2000-08-08,6cGtzKpK5GfR0Du5FEgCu6
648,Morodo,reggae,track,Yo me pregunto,2000-08-08,1bmiM8oHWjanWlg5aQ4BYu
649,Betagarri,reggae,track,La Chica Del Batzoki,2000-08-08,7zU70EMSHlRTq8qQdQsQjP
650,É O Tchan,reggae,track,Na Boquinha Da Garrafa - Ao Vivo,2000-08-08,38VkyrAqo5MayWnKqQVRbQ
651,Banda Calypso,reggae,track,Me Telefona,2000-08-08,5ixmhCly6NQggkyFsDpJ0E
652,Chiclete Com Banana,reggae,track,100% Você,2000-08-08,2msjqUjA6Eg5TI2M5EwJ8A
653,Los Cafres,reggae,track,Nice Time,2000-08-08,6zTmBVtXNBKJvVsb2rJiHd
654,Ivete Sangalo,reggae,track,Flor Do Reggae - Ao Vivo,2000-08-08,2oh9IhwPLdMxtMmyKFZNcj
655,Betagarri,reggae,track,Euskadi Antifaxista,2000-08-08,3cXaLd0lkYfWIYilJYV9uw
656,Betagarri,reggae,track,L'estaca,2000-08-08,6zUeLyiiKbEXOh6S1IlKQK
657,Morodo,reggae,track,In tha party 2,2000-08-08,4c3itsuPtSjRn1wxeyi0GR
658,Nonpalidece,reggae,track,Buenos Tiempos,2000-08-08,610lgvVrQQWVTlzHCgYxVM
659,Los Cafres,reggae,track,A Pesar,2000-08-08,4Mhl9Xa2PL0OKHuF7jLQrj
660,É O Tchan,reggae,track,Dança Da Cordinha,2000-08-08,2VnvdUFJLC1CIe16MgH70N
661,Antidoping,reggae,track,Sal a Caminar,2000-08-08,2dXRqnBkwkr44oKvvNdeaZ
662,Tiken Jah Fakoly,reggae,track,Imadjigui,2000-08-08,7z7W12dlde64sg51ShSJ1W
663,Michael Palmer,reggae,track,Don't Smoke The Seed,2000-08-08,79GhBS8dI1fGco9hLhKuzk
664,Bernard Lavilliers,reggae,track,Question de peau,2000-08-08,0GdRrzgGEHzBqAqh7hFUYa
665,Ken Boothe,reggae,track,Arte Bella,2000-08-08,1bASLPmZQyMXqCXqd9zuj8
666,Joe Dukie,reggae,track,Midnight Marauders,2000-08-08,1H61n8H0ldYMb2T7XalKMp
667,Slim Smith,reggae,track,Rougher Yet,2000-08-08,5QDKHqzMXP5ITlbwqbn07m
668,Winston McAnuff,reggae,track,Sentenced,2000-08-08,22PiuSB6cu85wP1N4ivxNh
669,Jackie Mittoo,reggae,track,El Bang Bang,2000-08-08,4tVaepYgipx61XGZ8BU7K0
670,Monsieur Lezard,reggae,track,Red Eye,2000-08-08,4wQeds33XoW6Z9R2dA3213
671,Jennifer Lara,reggae,track,Consider Me,2000-08-08,6qVodemcQoATdMCO5eUAlo
672,Tiken Jah Fakoly,reggae,track,Alou Maye,2000-08-08,5OLPInMdSLPdDFNxRQCqMN
673,Andy and Joey,reggae,track,You're Wondering Now,2000-08-08,5AY85Ty4nAmgsm0c2TkHl0
674,Planta E Raiz,reggae,track,A Dois Passos Do Paraíso,2000-08-08,7ufUJIw2u1Qj74CMr5M4KP
675,Sugar Daddy,reggae,track,Sweet Soca Music,2000-08-08,2HgjzDF1hWD6xBuFQD8YYH
676,Gondwana,reggae,track,Fluye,2000-08-08,2crdEEBy8ja6mBGjPxfpxZ
677,Ardijah,reggae,track,Moonlighting,2000-08-08,3bgfkSD8cqjbV8TnTqeChj
678,Los Cafres,reggae,track,Mi Aliento,2000-08-08,5KHWBI8FTuKOVu80l5M3xz
679,Los Calzones,reggae,track,Mala Vida,2000-08-08,3o3ggHATl6U21OBID9YbzC
680,Groundation,reggae,track,Praising,2000-08-08,6wH46St9Yb6qH1l8Hvw2tp
681,Nonpalidece,reggae,track,La Flor,2000-08-08,7yA0GufxZnARsqVxvrpfBQ
682,É O Tchan,reggae,track,Melô Do Tchaco II (Dança Gostosa),2000-08-08,6SBuIIwLvFm8mHNAbmZb8Z
683,La Gran Orquesta Republicana,reggae,track,El Miedo Global,2000-08-08,1cZpXBGBXH38aP4JpaUTwV
684,Antidoping,reggae,track,Medicina,2000-08-08,4zRbnZkeN4TNBJgGcTDMqG
685,Luciano,reggae,track,Give Praise,2000-08-08,5T2LXl0UjYknpRme8lQoXy
686,Groundation,reggae,track,Music Is the Most High,2000-08-08,1PbqJyE970AqKIIRAlpHH9
687,Talco,reggae,track,L'odore della morte,2000-08-08,2z38GvHmZnG2zrL2PiMRUy
688,La Gran Orquesta Republicana,reggae,track,Loco,2000-08-08,00nAQp0mEUuQ6X7Iv7Q90v
689,La Gran Orquesta Republicana,reggae,track,República III,2000-08-08,5GAa5IOFKGE48QY8ypC9yQ
690,Lord Superior,reggae,track,Rum & Cola Cola,2000-08-08,6R9UbLVFg6xCwIXBwZ4ms0
691,Cañaman,reggae,track,Mi Niña,2000-08-08,22Kk5FBOwKq0ojHyXIQjrb
692,Manasseh,reggae,track,"Natural Roots Orig. 12"" Mix",2000-08-08,0T1SND0r2KUJRq0UB33Ojo
693,The Black Seeds,reggae,track,So True,2000-08-08,5gAHSJPdHqz2MHc5WsfXnD
694,Betagarri,reggae,track,Baldin Bada,2000-08-08,5fAFa378d3Pkk1cpmFcDen
695,Symarip,reggae,track,Skinhead Girl,2000-08-08,0nWvOXF9Ww4V69sHUQTgrn
696,É O Tchan,reggae,track,A Dança Do Bumbum,2000-08-08,6kuqOKgvpqYGpEbuKQNhgM
697,The Skatalites,reggae,track,Exodus,2000-08-08,72khzOyNo4nUu6TmjBkdki
698,Elephant Man,reggae,track,"Jook Gal (Wine Wine) [feat. Twista, Young Bloodz & Kiprich] - Head Gawn Version",2000-08-08,23TTbRZkQHjVcwtNFF4hQF
699,Edi Fitzroy,reggae,track,Hotel California (feat. Bigga Star),2000-08-08,7fcADgMvw5i8qvri9LQ1xm
700,La Tremenda Korte,reggae,track,Tanto amor me marea,2000-08-08,4jGSfblxObklndcGJprEoa
701,Margareth Menezes,reggae,track,Faraó,2000-08-08,6sDFxI3dj8r1EsscyedSeX
702,La Tremenda Korte,reggae,track,Total,2000-08-08,2y0ee1wuzrrZmBTZw2ztaa
703,Kevin Lyttle,reggae,track,Last Drop (feat. Spragga Benz),2000-08-08,3jsILDpSOpWTyLZMhpoZRA
704,Macka B,reggae,track,Step Up,2000-08-08,6cbqh8woSu03Vj8s1PCK9C
705,Tanya Stephens,reggae,track,Can't Breathe,2000-08-08,19Q4p3F0JRrFn2h9y76sYg
706,Matisyahu,reggae,track,Got No Water,2000-08-08,5w7Z08d1DIQBrf1OLCnxuV
707,Hepcat,reggae,track,Dance Wid' Me,2000-08-08,6hBiP3KP0JsYhxUSM7XKfy
708,Jimmy Cliff,reggae,track,Bongo Man,2000-08-08,4NDt0POuq7rRff55MGUU8n
709,Betagarri,reggae,track,Legalize It,2000-08-08,6OfreP0ifg8a4MK99zvQTF
710,Discípulos de Otilla,reggae,track,Viento de libertad,2000-08-08,11SLe6nYxr8RXYd0lhKsRv
711,Fly My Pretties,reggae,track,Bag Of Money,2000-08-08,55cqqifpHjmDKh7awsQn5y
712,Ska Cubano,reggae,track,Yiri Yiri Bon - Dancehall Mix,2000-08-08,6d7D17NNbq51xdESK9ENhB
713,Toots & The Maytals,reggae,track,Funky Kingston,2000-08-08,1A0LEAS3aaO5R233Akp707
714,Bushman,reggae,track,Creatures Of The Night,2000-08-08,21nI6wQbMY297WLsZuig3Y
715,Betagarri,reggae,track,Skalatu,2000-08-08,26a0VLm64Oii9qIOnqgOIv
716,Adriana Lua,reggae,track,Dandalunda,2000-08-08,7iCGrU3aLJNOkmLnnRGrdB
717,Kanka,reggae,track,Skunky,2000-08-08,41HUNMEsiC1HJWASDLbmLC
718,The Burning Souls,reggae,track,Here Comes the Sun,2000-08-08,0KoAC0celsM3Ii7NjcXG9g
719,Tiken Jah Fakoly,reggae,track,Deme,2000-08-08,4yNIkYBu3eaivxPRkrYwqg
720,Johnny Nash,reggae,track,Hold Me Tight,2000-08-08,1c9Ey76VT5nKwqj0s3J5E7
721,The Aggrolites,reggae,track,Dirty Reggae,2000-08-08,13PXob70Jekv1xyz3rFEN0
722,Los Cafres,reggae,track,Hijo,2000-08-08,2J6sZLoWCUoYCeVo24isWB
723,Dakidarria,reggae,track,Fragasaurus Rex II,2000-08-08,2B6NxzxzaxsEzGDmZiuSDI
724,Sugar Minott,reggae,track,Oh Mr DC,2000-08-08,5bphDZCdYFOqbwNgvBKKtg
725,Betagarri,reggae,track,Verde,2000-08-08,04EgQHid3hJOlMWO8duvQl
726,The Soul Syndicate,reggae,track,Riot,2000-08-08,022HuLiYeCu4YT1hUwhI1o
727,Ivete Sangalo,reggae,track,De Ladinho - Ao Vivo,2000-08-08,0asXoy7dl9blYrWdO1m7TJ
728,The Expendables,reggae,track,Sacrifice,2000-08-08,16mRSH1iBW0UQAeMEk4lv3
729,The Heptones,reggae,track,(I Can't Get No) Satisfaction (feat. General Trees),2000-08-08,079dMx1gKMsGcg5mi44QGW
730,Glen Adams,reggae,track,Run Come Dance,2000-08-08,3fZ1pz99CfOzwLbmtFu50C
731,Mikey Dread,reggae,track,Saturday Night Style - Dub / Instrumental Reggae Music,2000-08-08,2RhgEPQbjxUruFu4k2ylrL
732,Betagarri,reggae,track,Mienten Mi Amor,2000-08-08,5wrRwKzkFCEvPCLZ8uaQo6
733,Ivete Sangalo,reggae,track,Eva (Eva) / Alô Paixão / Beleza Rara - Ao Vivo,2000-08-08,3XFcR5aTojLGMMSsIKeHTx
734,Planta E Raiz,reggae,track,Tô No Barato,2000-08-08,2nHNea7CYCVzQHmeO7hhsR
735,Manasseh,reggae,track,Jungle Trees Dub,2000-08-08,1e7mLHlBfAIKovhai5GlQf
736,Los Cafres,reggae,track,Mostrame Como Sos,2000-08-08,7KASo55SVxC4Jtnma78W4h
737,Vibronics,reggae,track,Mirror Dub,2000-08-08,11JpHKvLriD2imIxPb13ti
738,Sizzla,reggae,track,Marijuana,2000-08-08,320iaIF1bWZ8CppiLB1jpE
739,Morodo,reggae,track,Apertura,2000-08-08,1uqQ7cOyiWUhZ09Zz8Sr7S
740,Morodo,reggae,track,Desenlace,2000-08-08,432MmSOnib9fkUi6d23nJc
741,Capleton,reggae,track,Never Share (Burn Dem),2000-08-08,2iXZL6HzdLhXTZzFJT6ZhR
742,Los Fabulosos Cadillacs,reggae,track,Strawberry Fields Forever,2000-08-08,62Chy6UjYOxsUO87aCUamR
743,Gentleman,reggae,track,Caan Hold Us Down (feat. Barrington Levy & Daddy Rings),2000-08-08,3846AQ2m61cbQWFNyjCthl
744,Talco,reggae,track,Signor presidente,2000-08-08,22D43wBLw0dCI55E2432fh
745,Thievery Corporation,reggae,track,The Outernationalist - Rewound By Thievery Corporation,2000-08-08,3gSi1BsWjWBY0uD79KzxD1
746,Groundation,reggae,track,Smile,2000-08-08,27NdXbVaUTQPgixKn7sD0j
747,Dancing Mood,reggae,track,A Groovy Kind Of Love,2000-08-08,6OoCBB0erdARBcGh7LnlwG
748,Joe Dukie,reggae,track,Midnight Marauders - Dub Version,2000-08-08,6xcpj29ELRteqmCSzMyAfj
749,Holy Piby,reggae,track,My Time,2000-08-08,0A5hoqmtzca09KBqOgz3JX
